ESP_ID,Motor_Oil_Temperature,Intake_Pressure_Mpa,Intake_Temperature_F,Motor_Vibration,Current_Leakage_mA,PressureROC
,407,5.47,410,17.4,7.826,1.82
,471,10.31,470,15.7,3.472,0.09
,351,4.29,347,17.1,15.791,2.47
,344,4.37,347,17.9,10.489,2.68
,472,6.96,473,15,2.961,0.32
,465,5.01,463,16.2,13.296,1.32
,458,8.13,459,15.1,14.357,2.71
,459,6.83,462,16.7,1.621,0.73
,482,3.9,477,16.5,14.39,2.85
,423,3.4,424,17.3,1.649,2.2
,353,11.23,356,17.9,4.656,1.36
,430,4.76,434,17.6,7.77,2.6
,490,8.4,492,15.7,5.091,0.24
,325,10.26,320,15.7,14.886,0.16
,405,8.37,406,19.6,0.746,2.86
,434,4.53,432,18.2,8.38,0.99
,432,7.87,435,16.1,6.29,2.35
,406,4.2,406,15.6,7.298,1.42
,355,11.99,351,16.1,5.425,0.81
,299,8.98,303,18.9,8.103,2.29
,476,9.53,476,15.3,15.038,0.93
,416,10.17,411,19.5,1.843,2.09
,332,8.49,329,16.6,2.724,1.77
,436,7.36,436,19.9,15.797,2.17
,387,5.63,392,16,7.402,0.94
,454,9.81,458,19.7,0.639,1.63
,498,7.09,493,16.6,1.192,2.82
,319,11.15,315,16.2,0.509,2.59
,311,10.97,307,19.9,12.298,0.52
,438,6.8,438,18.5,6.132,1.76
,346,5.02,349,15.2,6.355,2.06
,299,3.09,300,16.2,15.284,0.06
,443,9.02,442,15.7,2.317,1.97
,348,6.37,350,16.9,1.054,0.72
,405,11.44,402,18.7,13.45,2.54
,425,8.82,429,18.7,11.497,0.77
,348,10.42,348,17,1.823,1.99
,468,3.43,466,17.3,10.576,1.88
,387,3.48,383,15.6,10.443,1.25
,483,10.33,483,16.8,15.707,1.7
,404,6.25,407,20,10.101,1.1
,464,7.74,468,19.3,9.842,1.23
,400,5.53,400,17.2,13.863,0.89
,468,11.31,466,19.3,8.427,2.07
,436,9.44,432,15.4,7.993,2.63
,416,5.01,412,18.9,9.946,2.71
,430,10.72,430,16.4,1.825,0.36
,303,10.19,301,15.2,2.113,1.92
,306,4.16,302,19.9,11.65,1.99
,474,11.93,471,18.7,0.523,1.64
,474,8.62,477,18.1,5.365,0.3
,416,3.33,414,18.5,5.031,0.38
,480,6.38,485,18.9,10.871,2.92
,381,3.25,382,16.3,3.804,0.75
,333,8.27,334,18,2.832,2.61
,485,4.14,488,20,14.865,2.83
,306,5.86,305,19.3,10.148,0.9
,417,8.62,418,19.9,8.375,0.83
,406,6.06,402,18.3,4.849,1.83
,310,11.87,315,19.6,13.24,0.82
,336,7.42,334,16.4,6.95,1.85
,351,7.91,349,16.9,11.829,1.2
,334,4.74,335,18.8,14.906,0.74
,417,6.01,420,15.8,9.095,0.4
,331,3.51,336,19.7,10.162,1.68
,474,10.09,475,15.9,15.576,1.52
,499,10.74,499,15.6,6.692,2.32
,360,3.15,357,16,8.521,2.53
,338,8.62,335,15.1,7.234,0.86
,333,7.35,332,17.2,7.484,2.56
,305,4.89,309,15,3.909,1.35
,349,6.73,344,17.5,5.923,1.77
,489,10.69,489,18,12.967,0.78
,500,11.51,497,17.8,2.073,1.56
,363,9.86,359,17.4,5.103,2.93
,401,8.59,403,19.2,12.421,2.29
,337,11.98,340,17.5,11.328,1.85
,473,7.12,475,17,0.861,2
,478,9.07,481,17,4.747,0.44
,488,7.53,483,17.2,1.235,2.7
,501,7.98,500,17.1,14.171,1.49
,389,8.34,385,15.8,14.757,0.68
,403,6.9,399,17.6,5.198,0.46
,477,10.03,480,18.5,6.168,2.14
,377,5.32,378,18.2,1.91,2.83
,356,9.7,357,16.8,6.532,0.57
,460,10.04,463,20,11.333,0.39
,416,9.28,421,15.1,9.521,0.51
,299,10.19,301,17.2,10.444,3
,337,7.26,338,16.5,8.563,0.45
,325,9.39,327,19.9,14.351,2.35
,491,4.82,489,17.7,6.29,0.79
,470,7.03,473,19,12.393,0.08
,454,8.82,452,20,2.467,0.75
,456,8.77,457,17.3,14.95,0.35
,312,7.62,315,17.5,9.664,0.91
,359,10.57,362,16.1,9.237,2.84
,463,5.38,466,16,1.926,1.46
,331,6.65,330,19,10.927,2.98
,314,7.45,319,18.5,9.735,1.44
,404,6.31,402,20,7.475,0.12
,427,7.08,432,16.3,10.388,2.26
,468,4.63,469,19,13.347,2.07
,311,5.15,312,18.3,12.554,0.36
,337,10.28,340,15.7,6.809,2.26
,418,8.07,420,15.9,12.235,1.26
,333,3.88,334,15.6,4.773,1.7
,446,10.43,444,18.7,9.831,0.09
,355,8.2,360,16.1,9.38,0.52
,452,4.93,449,16.9,12.305,0.29
,461,8.2,460,15.3,7.265,0.05
,459,8.39,458,19.5,7.806,0.53
,338,3.37,337,15.3,7.007,1.28
,346,3,346,19.1,1.897,1.38
,335,5.27,338,17.9,6.527,1.75
,379,4.39,383,16.9,15.36,2.1
,423,3.17,428,15.8,10.193,0.5
,364,10.64,363,17.2,12.456,0.9
,465,6.86,464,15,2.217,1.4
,368,6.34,372,18.6,9.945,2.14
,381,11.05,384,15.2,14.722,2.92
,460,3.58,463,17.1,3.729,1.85
,445,6.03,450,18.2,9.711,0.74
,333,10.49,334,20,1.451,0.55
,314,5.98,318,17.2,5.166,2.51
,387,5.49,392,19.1,13.59,1.96
,457,9.33,455,19.7,3.768,1.12
,405,11,410,16.4,3.648,1.53
,491,10.46,496,17.7,8.206,2.75
,499,10.52,496,17.6,1.844,2.03
,409,7.24,404,17.8,0.96,1.45
,313,7.95,316,15.6,15.68,0.9
,323,7.84,325,19.5,8.641,2.74
,485,10.21,485,17,13.587,2.91
,480,7.87,484,16.2,5.718,2.12
,345,11.54,345,17.9,4.447,0.11
,310,9.18,313,17.2,11.483,1.75
,390,5.51,388,19.3,3.922,2.5
,321,10.92,316,17.1,10.559,0.92
,469,7.1,464,16.7,9.479,2.06
,387,3.59,391,19.2,8.575,2.97
,346,9.56,346,15.3,12.269,1.12
,374,7.2,370,19.4,10.574,1.31
,424,6.67,422,18.1,4.521,2.03
,348,11.88,353,17.5,5.115,2.27
,313,11.83,310,17.5,6.777,0.73
,412,5.7,416,17,5.299,2.3
,396,5.45,394,19.4,3.86,1.39
,362,9.17,366,17.7,0.525,2.09
,323,3.54,323,19.5,7.438,0.76
,350,9.66,347,15.9,3.402,2.72
,385,10.27,383,15.3,14.701,0.63
,487,6.04,482,16.2,14.576,2.94
,411,5.17,406,18.2,8.638,1.63
,361,9.51,364,15.6,15.976,0.31
,408,5.31,412,18.4,1.087,1.89
,428,8.65,423,15,4.344,2.94
,319,3.36,322,17.6,7.792,0.25
,340,9.31,339,16.5,6.732,1.57
,402,6.29,403,16.9,10.683,2.43
,419,9.43,415,18.4,2.554,0.31
,403,9.24,403,19.6,7.003,0.57
,409,8.07,409,18.6,13.312,0.91
,301,11.15,303,19,2.822,2.96
,298,7.84,300,16.6,12.921,1.8
,377,8.08,373,15,3.944,2.49
,422,5.79,423,15.8,1.057,0.78
,482,3.28,486,18.5,15.536,2.89
,431,11.35,429,16.8,7.732,0.85
,335,8.75,334,15.5,7.447,0.15
,341,9.95,343,18.4,5.841,2.02
,424,8.78,424,16.8,3.427,0.16
,329,4.5,326,18.3,10.21,1.99
,307,7.64,306,18.7,9.108,1.27
,349,3.85,351,19.7,11.644,0.47
,334,11.74,339,18.7,12.35,0.12
,502,10.63,498,16.3,5.193,2.77
,383,11.23,385,15.8,9.897,2.58
,401,4.64,406,17.9,9.55,2.13
,400,5.72,398,17.7,0.342,0
,417,7.74,421,19.6,13.455,0.43
,478,3.25,477,18.3,3.007,2.08
,331,9.35,329,19.1,10.394,2.15
,462,3.37,461,15.3,8.573,2.11
,412,11.01,415,15.2,5.643,0.34
,340,3.2,340,15,8.514,1.8
,348,9.81,353,19.6,13.654,1.48
,453,9.76,456,16.3,2.933,0.65
,458,8.82,458,17.7,13.782,1.34
,436,5.65,434,19.5,14.256,1
,356,10.7,356,19.6,7.823,0.74
,431,9.42,433,19.8,12.893,1.16
,384,10.94,382,18.9,11.55,2.45
,443,4.66,444,19.7,12.555,1.84
,314,9.72,310,18.6,10.871,2.57
,349,6.18,346,16.9,13.95,2.48
,401,9.17,404,17.7,9.388,1.24
,335,7.32,332,18.4,13.912,1.23
,449,8.4,447,16.5,3.113,0.74
,324,5.64,326,17.5,3.741,2.63
,442,8.29,440,19.6,11.881,1.41
,355,8,358,19.9,15.553,0.85
,455,6.22,458,16.6,10.521,1.14
,495,7.5,498,19.5,4.835,0.33
,399,11.76,399,17.1,0.534,2.68
,459,9.22,456,17.2,14.551,1.52
,441,3.76,437,17.3,0.328,1.76
,419,4.51,417,15.3,4.824,0.51
,390,5.1,392,17.9,14.427,2.15
,466,6.77,468,16.5,1.217,2.36
,456,3.42,459,15.6,0.427,1.02
,310,4.04,314,18.6,9.562,0.24
,415,4.85,417,19.5,11.931,1.12
,428,11.34,430,16.4,14.763,1.77
,482,8.33,479,19.9,13.097,2.23
,457,10.17,456,18,7.15,0.49
,348,5.1,352,19,8.109,1.95
,345,7.52,348,19.2,12.346,0.31
,321,3.27,322,17.2,12.598,0.67
,401,4.63,406,19.8,8.032,1.16
,487,4.92,485,17.1,5.413,2.01
,386,9.48,387,16.5,4.184,2.79
,358,6.39,358,17,9.864,2.95
,355,4.6,353,18,3.75,2.56
,474,11.28,470,19.9,6.262,2.52
,439,11.3,434,17.2,6.721,1.08
,302,4.24,300,17.2,13.152,1.97
,393,10.16,391,18.3,12.196,0.41
,395,7.68,399,15.5,2.533,1.33
,394,10.82,393,16.6,13.94,1.26
,326,6.43,329,17.9,2.856,0.92
,415,10.84,411,19.5,3.959,2.21
,336,11.31,332,15,6.882,0.74
,305,5.4,301,15,4.453,2.36
,425,10.96,423,16.1,8.312,1.48
,312,7.4,314,16.9,5.115,1.74
,296,11.28,301,18.6,10.482,0.35
,405,3.45,410,15.3,4.618,0.93
,421,9.31,416,18.9,5.736,1.94
,369,10.61,371,19.4,4.432,1.04
,332,3.11,328,15.9,0.719,2
,409,3.46,407,19.7,6.023,1.79
,356,6.12,359,17.6,14.289,0.57
,317,7.45,315,16.1,5.878,0.84
,444,4.05,441,15.6,6.515,0.62
,492,11.78,496,19.3,15.704,2.33
,391,8.43,388,16.7,7.814,2.74
,369,4.01,369,17.8,6.736,0.4
,470,10.82,473,15.5,13.788,1.52
,483,5.02,486,17.1,10.321,0.34
,368,3.35,373,18.6,8.23,2.14
,481,3.34,484,16.3,0.833,0.57
,466,7.81,464,16.1,13.499,2.43
,429,6.25,430,19.5,14.698,2.89
,335,8.7,334,18.6,9.812,1.69
,360,7.03,360,19.2,6.686,1.93
,454,10.42,457,18.3,2.757,1.45
,423,7.7,426,16.7,2.911,1.27
,323,3.89,319,15.4,4.225,2.21
,385,7.3,389,18.2,9.001,2.15
,426,9.86,422,15.6,9.365,0.95
,346,8.11,347,19.6,0.493,1.38
,495,7.55,500,17.9,8.726,0.18
,505,7.74,500,18,3.461,1.32
,397,5.14,394,18,3.93,2.17
,487,11.85,489,16.7,13.83,1.01
,414,3.32,417,16.7,1.641,2.86
,457,11.99,458,18.9,14.024,1.41
,390,4.02,390,19.1,13.834,1.85
,393,10.86,390,15.7,11.895,1.22
,330,10.71,325,16.8,14.946,1.32
,472,6.88,467,19.9,11.617,0.38
,310,8.9,309,17.2,14.624,0.1
,360,8.88,355,16.9,2.458,0.75
,458,8.04,461,18.2,12.161,0.73
,354,4.23,355,17.9,10.092,1.96
,376,5.35,373,18.9,6.475,0.57
,324,7.15,324,18.3,12.644,1.05
,406,10.26,407,15,10.448,2.35
,402,9.84,402,18.4,5.628,2.82
,305,7.74,303,17.1,15.262,2.37
,324,5.59,321,19.3,10.11,1.7
,405,5.97,401,15.3,8.356,0.06
,384,3.23,383,16.9,4.708,0.38
,311,5.58,308,18,15.615,1.67
,338,10.94,338,15.4,15.191,2.99
,365,6.41,368,19.6,6.19,0.62
,308,4.19,311,18.5,15.691,1
,340,7.86,335,17.9,4.426,0.97
,395,10.37,400,17.1,1.262,1.39
,350,4.3,353,18.8,8.32,2.52
,390,4.02,393,17.5,5.329,2.05
,460,7.76,463,18.5,0.666,0.51
,494,7.16,495,15.7,15.713,2.64
,315,7.06,312,19.4,4.899,0.3
,419,3.37,423,19.3,7.638,1.42
,393,3.59,395,18.9,0.348,0.68
,402,11.94,404,15,8.327,1.88
,453,5.81,451,15.6,2.028,2.46
,429,9.93,430,16.5,7.734,0.64
,502,5.75,500,19.5,5.541,1.15
,458,9.99,462,17.2,10.525,2.13
,337,11.48,341,18.9,14.192,2.76
,476,6.67,475,15,15.389,1.16
,420,6.96,422,17.5,3.25,0.73
,340,5.15,345,19.4,14.968,0.62
,456,10.01,452,19.3,4.669,0.8
,372,11.09,370,16.1,10.93,2.75
,481,10.61,483,16.7,12.259,0.41
,480,9.98,481,20,12.955,1.43
,409,10.92,411,18,7.275,0.06
,314,3.73,309,19.4,13.837,0.06
,312,4.6,309,16.1,2.087,1.96
,417,8.42,418,15.9,0.111,1.52
,449,8.78,453,19.3,12.424,2.68
,367,8.8,365,17,9.498,0.32
,312,5.48,307,18.6,14.239,2.93
,344,9.46,344,17,3.21,0.63
,353,10.01,354,19.1,6.593,1.06
,352,5.12,356,15.3,3.827,0.28
,460,7.76,462,16.2,8.501,0.98
,456,3.35,460,17.4,10.189,1.85
,478,3.5,482,17.7,7.818,0.52
,483,9.46,479,16,9.225,0.51
,355,3.07,358,18.1,12.224,1.47
,338,3.75,341,17.3,1.525,1.69
,337,7.88,342,17.3,14.649,1.66
,415,7.6,410,18.5,15.46,0.3
,395,4.89,398,17.3,13.935,0.13
,500,4.24,500,16.6,3.98,1.16
,459,4.74,462,17.2,1.738,0.45
,486,3.83,481,16.3,5.732,1.33
,446,6.86,447,16,11.868,1.44
,439,7.01,437,19.7,7.567,0.66
,501,10.17,496,19.8,1.986,1.18
,326,7.85,325,18,7.887,1.61
,460,3.27,464,16.8,15.155,2.87
,414,10.4,419,17,8.123,0.39
,375,8.72,376,17.1,9.282,1.34
,474,6.32,476,17,3.63,2.7
,440,9.41,438,15.9,14.565,1.05
,461,5.04,456,17.7,0.115,2.89
,348,3.04,349,17.3,13.006,1.2
,340,8.66,340,18.4,1.669,2.54
,433,7.41,436,19,13.302,2.07
,412,5.67,414,16.7,12.285,1.52
,475,4.23,473,20,4.008,0.91
,301,9.73,300,15.9,13.426,0.21
,369,10.22,370,16.5,7.124,2.98
,384,3.65,382,19,7.904,0.57
,431,5.17,429,19.9,7.566,0.36
,324,7.2,327,19.6,15.301,0.16
,457,5.36,459,18.1,3.396,1.19
,376,7.46,377,17.3,6.792,2.52
,329,11.69,325,16.4,7.244,2.7
,460,11.47,462,19.9,10.024,1.74
,309,4.27,305,19.5,6.448,0.3
,315,9.9,318,19.8,13.251,0.21
,400,8.05,403,16.7,12.469,0.54
,312,11.99,313,17.4,9.245,1.03
,461,5.74,459,17,5.375,2.85
,472,3.64,477,18.4,15.226,2.43
,455,11.93,455,18.8,10.316,0.12
,501,5.41,500,16.4,0.527,0.66
,397,7.11,392,19.9,12.968,0.09
,341,9.31,340,15.6,1.993,2.85
,456,10.98,455,15.7,9.564,2.45
,421,11.55,419,19.4,13.187,1.7
,322,10.12,320,16.9,11.473,0.23
,396,8.77,400,16.8,0.292,0.27
,426,8.21,424,18.5,15.796,0.15
,355,11.81,356,19.5,6.126,0.92
,425,5.26,426,16.6,5.594,2.82
,390,4.46,389,16.5,12.85,2.79
,492,9.43,495,17.5,3.794,0.98
,406,6.17,403,18.9,12.593,1.12
,425,3.39,423,17,0.195,2.33
,452,10.09,448,18.9,15.563,1.58
,437,10.72,435,15.3,13.548,2.31
,413,11.26,408,17,9.269,2.5
,344,4.83,339,16.2,1.684,1.61
,472,10.82,469,15.1,13.349,0.08
,324,4.85,328,15.9,15.154,1.61
,321,9.82,326,17.6,0.805,0.35
,383,11.91,382,17.7,9.476,0.36
,414,5.18,412,15.2,4.039,1.65
,369,5.79,370,15.7,11.095,0.4
,352,5.48,351,19.2,2.286,2.79
,439,10.31,436,15.3,11.14,0.3
,492,9.4,495,15.2,10.529,0.43
,351,3.54,352,15.8,7.268,1.12
,312,11.08,307,17.9,11.596,0.31
,367,6.89,362,15.1,10.557,2.45
,343,4.75,348,17.1,12.153,0.15
,330,11.58,331,15.6,9.153,2.86
,480,3.55,484,17,9.898,0.61
,396,10.87,391,17.7,3.965,1.17
,412,4.47,410,18.8,13.392,1.37
,303,4.28,305,15.8,7.976,2.93
,329,6.77,325,16.7,13.081,0.55
,341,10.43,341,17.3,2.273,0.35
,377,9.54,381,15.2,6.55,2.56
,490,7.96,491,18.1,12.182,2.66
,311,9.31,308,19.2,14.023,2.52
,430,4.82,426,18.2,7.736,0.47
,341,6.55,343,17.8,6.493,2.03
,315,11.12,317,16,2.477,1.76
,445,7.07,449,18.4,4.366,2.08
,419,10.26,422,19.9,8.606,0.95
,440,11.27,435,17.1,7.687,2.39
,371,5.88,372,15.4,6.352,0.86
,402,10.02,401,18.7,10.527,1.85
,331,3.03,333,16,3.938,2.41
,347,3.66,345,17.4,7.471,2.84
,309,11.79,312,17,1.186,2.73
,484,11.8,482,15.8,3.581,1.13
,415,4.24,420,17,12.923,1.33
,400,6.33,399,16.1,7.435,2.85
,487,3.98,487,18.8,2.78,1.52
,415,8.26,419,17.1,7.96,1.86
,350,11.41,349,15.3,11.15,0.52
,468,11.32,465,19.1,13.058,1.3
,389,9.31,394,15.6,2.23,1.12
,461,3.15,458,19.3,1.306,0.56
,421,5.82,421,15,15.739,2
,347,4.85,344,18.7,3.859,2.39
,473,10.7,470,16.2,1.915,1.33
,373,8.37,376,17.5,12.092,1.91
,309,10.36,307,18.2,9.312,0.91
,374,11.83,370,16.6,7.863,2.98
,401,6.1,401,19.1,13.268,0.11
,318,9.82,316,17.7,9.836,1.1
,353,6.19,351,15.4,3.727,1.17
,385,8.15,385,18.7,0.807,0.82
,471,4.02,476,16.7,10.327,1.87
,322,8.75,325,15.5,14.886,1.61
,364,4.85,360,18.5,3.35,1.21
,452,4.37,456,17,11.538,1.12
,346,9.3,351,17.2,6.364,2.97
,299,11.8,301,15.2,8.035,0.29
,441,5.7,444,18.9,5.465,1.71
,363,6.7,366,18,1.197,2.35
,438,10.72,434,15.2,15.83,0.05
,307,10.56,306,19.5,0.136,0.86
,377,5.59,376,17.6,10.292,2.63
,352,6.35,351,17.5,1.562,2.04
,501,7.42,498,16.9,3.154,2.32
,441,11.36,439,16.8,2.625,1.93
,325,3.66,327,18.9,5.589,0.23
,381,5.94,376,19.7,11.842,0.94
,375,9.5,377,15.6,13.928,2.73
,357,8.58,353,17.9,12.395,2.68
,449,7.68,446,17.2,12.308,0.05
,344,7.95,339,15.5,15.418,1.68
,367,10.83,362,17.1,2.488,2.75
,471,7.72,466,15.6,13.284,0.24
,469,10.23,470,18.3,7.513,1.41
,494,7.86,498,16.7,13.066,0.84
,354,3.3,353,16.5,11.913,0.33
,362,8.82,364,15.4,13.195,2.7
,415,4.91,411,17.8,4.62,1.62
,321,10.09,317,15.3,10.37,2.18
,318,11.43,318,18.7,4.679,2.9
,448,3.13,448,16,4.613,2.19
,387,10.95,391,19.3,0.114,0.38
,415,8.29,415,17.7,8.223,2.51
,482,6.41,483,15.1,9.094,1.11
,460,10.52,460,19.7,10.83,2.63
,416,4.97,411,18.2,7.562,2.54
,341,10.53,337,18.9,6.51,2.89
,313,11.04,308,19,10.51,1.42
,452,8.44,447,19.8,0.496,2.67
,351,10.29,347,18.5,11.502,1.99
,368,6.87,364,19,5.379,2.74
,393,7.39,392,18.6,7.337,1.41
,434,9.35,433,17.6,12.325,1.67
,333,4.45,331,17.2,7.988,2.69
,317,10.84,320,15.2,10.399,2.15
,466,8.71,464,15.6,13.181,2.18
,447,4.1,442,16.4,13.726,2.06
,395,11.92,398,19.8,8.531,1.18
,359,7.58,357,16.1,1.914,2.34
,409,11.8,414,15,12.549,1.48
,324,10.11,329,16.6,2.662,0.07
,458,3.82,454,15,12.315,1.54
,429,4.24,432,15,3.527,0.25
,313,9.66,309,17.9,3.249,2.27
,332,7.41,335,19,3.847,2.12
,333,7.16,328,18.7,10.941,2.68
,493,3.93,494,18.2,1.769,1.77
,340,9.14,339,15.5,10.627,2.83
,439,10.44,438,16.9,0.249,1.88
,468,11.35,473,17.5,2.187,0.04
,416,9.3,418,16,7.162,1.58
,364,8.36,364,19,8.862,0.19
,472,11.59,474,15.9,6.236,0.31
,370,6.17,375,15.1,5.109,1.88
,399,5.86,398,20,0.761,0.69
,495,9.87,496,17.6,11.248,1.27
,316,9.79,317,18.2,10.577,2.14
,320,9.93,318,18.3,13.726,2.82
,467,5.72,469,17.2,15.643,0.32
,456,6.61,454,18,10.006,2.48
,436,8.33,435,16.5,4.588,1.6
,472,4.75,473,15.8,3.58,2.3
,440,8.35,442,15.6,1.673,2.58
,448,3.16,453,17.3,5.953,1.78
,361,8.31,357,19.2,5.096,0.66
,317,8.81,317,15.5,13.915,0.77
,374,6.94,369,18.2,11.677,2.22
,400,5.62,400,15.6,13.371,1.26
,503,8.07,500,18.4,10.004,1.27
,432,3.6,433,19.6,11.397,2.12
,310,4.61,308,15.9,10.073,2.83
,488,9.22,493,15.3,3.818,0.5
,325,4.81,328,17.1,9.003,0.26
,394,9.23,392,16.6,3.056,1.69
,422,11.68,417,17.2,5.516,2.97
,362,5.78,364,17.7,2.896,0.35
,484,7.84,488,18.7,4.064,1.82
,313,5.88,311,15,15.013,0.37
,376,11.54,378,17.7,14.762,1.69
,441,5.98,436,16.1,13.651,0.56
,326,11.25,329,19.8,7.228,0.12
,397,8.54,402,17.9,8.384,0.14
,320,4.73,322,17.3,14.999,1.49
,469,11.33,464,19.6,15.199,2.33
,405,7.02,404,18.2,13.087,0.71
,498,8.44,499,15.3,9.455,2.28
,308,4.93,308,16.1,9.252,0.91
,312,3.54,314,16.8,10.235,0.97
,395,3.05,391,15.9,14.077,2.78
,381,10.34,378,15.9,8.239,1.01
,459,9.83,462,17,0.348,1.42
,463,4.07,458,15.1,2.339,0.98
,440,5.39,442,18.4,9.247,0.78
,470,10.04,469,17.6,11.011,2.83
,351,7.77,351,16,1.724,2.1
,365,3.11,364,17.3,13.8,0.12
,361,4.04,363,19.5,9.407,1.6
,339,11.09,342,15.2,5.058,1.57
,478,7.53,483,18.1,7.864,2.2
,304,5.96,300,17.5,8.727,0
,477,8.24,481,18.7,6.333,1.46
,480,8.39,483,15.4,6.053,0.66
,428,9.31,430,15.1,11.202,1.75
,446,8.5,445,15.1,9.463,0.77
,414,9.88,413,19.8,13.006,2.36
,347,10.74,345,16.2,11.409,1.29
,447,5.76,451,16.6,15.352,0.09
,409,7.3,414,17.6,0.463,1.97
,496,5.43,500,15.7,6.848,1.4
,417,4.9,420,15.4,9.654,1.78
,413,3.27,412,15.4,2.824,0.99
,424,10.61,428,16.7,6.067,2.69
,335,7.78,337,15.3,6.232,1.1
,433,5.89,432,15.8,1.149,0.56
,387,4.38,385,19.7,1.895,0.61
,427,4.21,429,16.5,12.333,1.68
,350,8.12,351,19.9,12.575,0.89
,301,9.76,306,16,6.589,2.05
,450,3.05,451,19.9,14.047,2.45
,378,9.8,378,19.5,7.911,1.02
,346,5.84,346,16.5,6.903,2.01
,372,10.79,377,16.4,0.526,0.72
,388,3.22,390,16.5,5.539,0.43
,360,10.55,355,18.1,12.471,1.75
,325,3.61,325,17.1,7.632,0.69
,408,11.4,407,15.9,0.634,0.6
,417,11.91,420,15.4,6.64,1.94
,393,10.88,396,16.4,11.52,2.6
,303,5,303,17.2,8.555,0.18
,352,5.31,355,17.5,4.761,0.65
,483,11.54,486,19,8.489,0.52
,347,8.97,351,17.4,9.034,1.4
,315,8.57,315,18.5,12.235,1.64
,427,6.87,423,18.4,12.05,2.42
,376,5.23,378,19.6,12.505,1.88
,447,8.67,449,15.5,6.491,2.16
,329,3.53,326,16.9,9.914,1.27
,465,3.62,461,17.8,5.296,0.28
,348,8.35,346,18.9,14.003,1.47
,363,7.85,366,17.5,3.117,0.34
,357,3.85,354,17.4,5.972,1.77
,417,4.91,418,16.9,0.022,2.51
,401,9.27,404,16.7,6.72,0.6
,408,6.23,409,18,3.264,2.12
,337,4.02,335,18.7,4.377,1.36
,447,3.26,450,17.9,7.297,2.44
,317,8.83,314,18.8,4.615,2.61
,337,4.68,335,18.3,0.694,1.5
,485,6.29,483,19.8,15.637,2.65
,370,8.46,370,18,15.158,0.63
,339,5.05,340,16.6,14.464,1.34
,310,4.61,314,17,14.401,1.45
,387,6.09,388,18.9,4.108,1.76
,306,10.43,311,16.4,9.754,2.98
,312,4.96,317,16.5,13.389,2
,488,6.21,492,17.4,13.467,1.2
,463,8.63,467,17.1,2.871,1.8
,350,5.89,353,15.4,0.694,1.33
,369,8.59,365,15.9,15.886,0.79
,372,9.61,367,16.1,15.862,0.62
,479,3.57,482,17.6,13.753,2.74
,362,8.08,365,17.5,5.512,2.35
,455,11.93,454,18.2,13.301,0.57
,334,10.94,332,19.2,12.726,2.16
,352,9.18,354,15,12.408,1.17
,429,5.36,432,18.2,12.762,0.3
,353,8.39,350,18,7.925,2.89
,453,7.42,448,15.7,5.602,1.5
,489,9.73,487,18,0.664,2.36
,318,3.89,320,17.3,1.248,2.77
,349,8.75,352,18,14.693,1.99
,345,4.06,342,16.9,15.386,1.46
,461,9.99,462,19.5,0.63,0.34
,404,10.67,409,17.3,3.903,0.6
,306,11.94,309,19.2,12.246,0.03
,488,10.25,487,17,15.331,1.31
,327,10.37,329,19.9,15.595,0.98
,372,8.83,368,17.4,11.354,2.34
,426,5.44,429,15.3,12.828,0.99
,404,3.57,408,19.9,7.88,0.03
,405,3.84,402,15.7,3.998,0.83
,383,6.21,387,15.4,6.762,2.94
,483,9.51,485,19.7,13.806,0.83
,339,3.38,342,19.8,4.729,0.29
,452,8,453,15.3,4.758,2.59
,364,7.64,369,17.2,12.307,2.45
,354,6.75,353,16.4,3.516,0.32
,317,5.63,318,19.2,5.134,0.87
,502,6.76,498,19.7,4.251,1.34
,451,8.43,453,17.5,15.426,1.25
,441,8.86,439,16.4,15.311,2.82
,337,10.59,338,16.8,15.565,2.73
,490,4.51,491,17,6.47,1.43
,363,10.98,359,15.1,14.086,1.38
,325,5.75,328,15.8,4.755,1.13
,495,9.93,495,15.6,13.132,2.2
,360,3.16,359,15.8,0.113,0.75
,305,9.62,309,16.6,3.592,2.57
,413,5.24,416,16.5,9.817,1.15
,336,10.67,338,15.4,13.884,0.23
,311,6.03,316,18.4,15.237,2.19
,363,3.23,360,19.6,3.051,1.35
,361,11.22,361,15.1,9.858,2.48
,428,4.38,431,17.4,0.639,1.15
,477,7.1,477,15.4,1.669,0.58
,425,8.02,427,16.8,7.463,2.06
,444,10.53,442,17.4,4.793,2.36
,336,3.96,333,15.8,2.949,1.24
,312,6.37,308,15.3,11.192,0.61
,342,8.1,339,17,1.073,0.76
,366,3.7,365,16,9.494,1.96
,496,10.06,495,15.7,0.228,2.24
,389,3.9,394,18.5,6.746,2.47
,444,9.74,444,18.2,1.139,2.63
,440,6.09,441,19.2,12.013,2.41
,446,11.26,448,18.3,12.46,1.18
,364,6.37,360,19.7,11.921,1.27
,354,8.32,355,16.7,8.707,0.97
,334,9.18,332,16.5,13.719,0.58
,336,7.65,331,15.5,0.374,2.97
,416,4.71,412,19.2,7.085,2.54
,362,3.48,364,16.4,2.706,0.87
,417,3.33,418,20,2.843,1.15
,330,8.25,335,15.6,2.263,2.35
,450,3.89,451,16.6,14.275,2.81
,380,8.65,385,18,5.789,0.73
,312,11.53,309,18.1,9.03,0.58
,421,4.43,422,15.2,4.132,1.36
,395,6.89,397,17.9,14.004,2.27
,423,9.15,422,19.8,13.991,0.47
,348,6.24,351,17.7,10.571,2.31
,360,3.35,361,15.5,15.144,0.97
,432,3.44,435,17.2,9.266,1.22
,492,7.03,489,16,5.202,1.91
,372,8.57,369,17.4,9.863,2.73
,340,3.85,340,15.1,10.326,1.52
,408,7.52,412,16,15.614,0.71
,432,6.87,431,18.6,6.592,1.61
,331,10.06,336,19.2,5.33,1.03
,425,11.29,423,19.1,10.432,2.64
,450,11.05,447,15.7,5.476,1.73
,346,9.93,343,17.7,7.549,1.49
,483,8.52,480,18.1,8.417,2.03
,437,3.19,440,19,10.501,1.02
,447,7.08,445,19,15.144,0.65
,386,8.59,384,18.4,9.694,1.11
,392,3.08,391,18.8,9.987,2.67
,438,9.91,436,19.1,1.563,1.84
,305,4.56,303,16.9,10.588,0.74
,461,3.73,459,18.7,15.388,1.24
,448,3.42,449,18.5,6.549,1.35
,354,4.24,353,19.4,14.456,2.02
,484,7.15,488,15.2,11.863,1.98
,491,3.51,488,18.2,13.867,0.01
,409,7.31,407,15.3,6.569,0.66
,368,3.17,367,16.9,12.252,0.73
,378,5.65,382,15.4,12.382,0.1
,441,6.41,441,19,14.501,0.26
,482,9.25,479,19.7,9.855,0.8
,356,3.89,354,18.3,11.72,2.68
,367,9.26,362,16.6,0.847,2.17
,407,7.73,408,19,11.105,0.04
,378,9.8,378,19.1,11.357,1.57
,318,3.2,315,15.8,5.39,2.71
,347,3.6,344,19.7,9.247,1.07
,371,3.47,366,20,7.429,2.02
,386,11.01,387,15.3,6.131,1.43
,387,8.54,386,15.8,11.189,2.57
,319,3.52,319,17.5,12.653,3
,360,7.74,364,15.1,1.797,2.3
,486,10.47,481,16.9,10.129,2.66
,426,5.28,423,17.6,6.508,0.97
,484,10.07,484,15.5,14.163,0.16
,481,11,477,19.3,1.943,0.56
,301,11.21,306,18.3,12.211,1.79
,434,4.64,431,17.6,15.063,0.5
,471,10.03,475,16.8,0.914,0.85
,465,9.03,466,19.4,14.061,1.46
,304,7.85,304,19.3,7.959,2.08
,320,7.99,324,15.9,5.156,0.81
,369,3.66,373,16.9,2.745,1.78
,360,11.94,360,15.1,13.606,2.81
,377,7.32,374,16.4,1.048,2.26
,461,7.91,456,16,11.8,2.54
,343,8.98,340,18.9,11.304,1.1
,449,9.45,447,15,5.158,2.49
,457,9.68,460,15.6,2.269,0.4
,420,3.93,420,16.1,4.063,0.34
,304,6.09,305,19.5,9.137,2.17
,367,4.08,370,16.9,12.347,1.78
,380,11.08,385,16.1,1.294,0.68
,500,4.02,500,15.6,10.584,0.22
,395,9.09,390,16.6,7.987,1.77
,488,9.4,493,18.8,2.524,0.35
,453,11.04,449,17.5,0.307,1.46
,429,7.32,432,19.1,14.109,2.42
,306,4.25,301,18.5,3.788,2.45
,476,4.11,474,17.5,13.298,0.12
,410,9.86,411,19.6,3.301,1.28
,429,9.49,432,20,11.325,0.99
,401,10.14,401,19.5,9.179,2.31
,389,10.88,384,16.9,10.298,2.88
,484,10.13,481,17.7,4.69,0.24
,380,10.6,384,15.9,13.143,0.58
,337,11.56,335,17.7,4.909,1.52
,437,7.35,438,17.5,1.681,1.17
,470,7.61,465,18.4,13.417,0.34
,378,11.29,375,20,5.109,0.41
,398,6.22,401,18.3,4.84,1.87
,420,5.18,418,15,4.331,2.65
,342,7.47,344,16.4,15.708,2.5
,424,6.92,424,17.4,0.748,2.41
,349,7.32,353,19.1,14.032,1.23
,374,3.33,376,15,14.863,1.45
,357,8.19,354,17.8,8.239,1.88
,431,9.69,436,19.5,11.614,2.9
,352,11.72,348,16.4,1.253,1.47
,341,11.93,338,19.5,4.499,2.63
,305,5.37,305,15.1,7.244,1.34
,439,9.52,437,19.2,5.377,2.26
,377,3.82,382,19.8,11.966,1.12
,469,4.61,473,16.9,3.033,2.3
,403,5.12,406,17,1.496,2.69
,368,10.1,370,17,8.37,0.03
,490,5.83,487,17.3,10.635,2.78
,353,11.26,352,17.9,13.739,0.98
,491,5.56,489,18.7,4.429,1.99
,365,3.91,368,19.8,15.157,2.09
,387,3.46,387,17.1,1.391,1.15
,305,6.27,306,18.8,11.617,0.91
,388,9.72,385,17.2,15.702,2.19
,427,9.69,426,16.1,9.165,0.02
,335,6.1,340,18.1,14.071,0.22
,324,4.98,325,16.5,14.111,0.28
,426,9.26,423,17.5,0.947,1.51
,386,9.18,381,18,10.352,0.31
,366,8.87,368,19,11.526,0.68
,375,9.01,379,15.9,14.055,2.94
,374,11.96,369,19.3,14.36,2.16
,415,7.97,414,18,4.073,2.94
,429,6.13,427,20,5.341,1.23
,368,10.53,370,18.4,2.27,1.31
,423,10.69,426,16.7,13.157,2.07
,465,7.35,462,15.4,15.705,0.67
,376,9.37,373,16.3,1.093,2
,308,9.35,310,17.2,4.205,1.78
,348,9.08,349,15.9,11.82,2.8
,405,5.18,405,19.5,12.567,1.57
,373,4.27,372,17.8,4.429,2.44
,352,11.07,349,17,6.272,2.23
,441,3.11,442,16.8,12.894,0.71
,341,4.99,341,15.2,9.573,1.64
,352,11.94,350,15.2,5.822,0.37
,387,4.67,385,18.5,10.492,2.35
,310,8.03,306,16.4,0.194,1.69
,469,5.97,474,18.9,12.487,0.63
,375,11.05,373,19.1,4.592,2.92
,337,9.68,333,20,6.997,1.36
,365,8.25,361,16.3,8.662,2.67
,321,6.78,325,15.2,2.879,0.08
,401,7.06,400,18.1,2.52,0.29
,450,5.32,448,18.3,11.458,0.34
,303,7.32,306,16.7,11.877,0.95
,385,10.39,390,16.1,6.723,1.1
,435,9.66,431,15.3,10.021,0.13
,374,6.99,374,15.8,4.631,1.65
,390,4.83,391,17.6,4.801,0.14
,386,9.9,387,16.8,15.279,1.06
,493,3.5,492,18.9,3.497,1.6
,424,10.97,428,18,4.989,1.02
,356,11.75,361,16.1,4.895,0.42
,409,9.28,405,16.7,11.716,1.93
,366,8.24,363,18.9,11.29,0.2
,454,3.98,456,16.3,13.317,1.97
,338,9.65,340,16.4,7.395,0.64
,434,8.03,439,16.6,1.447,2.39
,372,6.73,367,16.3,9.61,2.95
,437,5.02,432,16.1,0.693,0.55
,300,11.49,302,17.8,15.108,1.84
,474,8.74,477,19.8,10.876,2.38
,439,10.16,434,19.9,0.457,0.38
,471,11.55,470,18.9,0.298,1.17
,456,4.38,461,15,4.987,0.01
,339,3.91,335,16.8,9.725,1.92
,382,7.2,382,18,4.992,1.68
,492,11.88,489,15.2,13.11,1.23
,311,9.2,311,15.2,15.352,0.68
,368,4.48,369,18.5,14.525,1.97
,422,9.41,424,17.4,5.077,0.27
,382,5.92,387,17.9,5.133,1.64
,337,11.25,333,19.4,4.145,2.26
,304,6.64,300,19.4,14.438,1.99
,473,8.67,475,18,9.683,1.24
,399,10.95,397,17.7,8.49,0.43
,319,3.44,316,15,14.396,0.59
,475,7.21,480,17.9,14.688,0.94
,365,5.88,365,15.9,0.37,2.15
,391,3.5,396,16.1,1.278,0.57
,394,9.57,393,17.6,6.22,1.32
,446,9.24,443,16.9,7.685,2.17
,301,11.29,302,16.7,9.83,0.46
,466,4.52,471,18.5,8.314,2.18
,379,7.19,384,15,7.985,0.81
,301,9,304,16.3,7.198,0.97
,411,10.91,408,19.9,1.623,0.85
,335,9.04,340,20,11.241,2.72
,421,6.65,417,18,6.764,2.9
,480,4.91,478,19.8,15.498,0.71
,343,4.61,338,17,11.122,2.01
,440,10.73,437,17.2,5.859,1.76
,331,4.81,328,17.4,7.695,1.08
,306,4.41,309,19.8,6.052,2.75
,306,5.94,303,18,11.662,1.49
,480,7.14,478,16.6,13.412,0.2
,327,9.18,329,18.1,5.012,2.7
,404,6.09,399,15.6,13.884,2.6
,433,3.33,435,15.9,5.741,2.92
,325,5.41,320,16.1,2.089,1.87
,430,6.63,427,17.6,5.444,1.37
,493,10.46,493,19.8,3.364,2.89
,432,5.31,428,18.6,2.097,0.03
,495,3.23,494,18.9,9.455,0.67
,480,11.82,481,17.7,3.706,0.5
,407,5.27,412,16.5,9.409,0.88
,327,10.42,331,19.5,9.378,2.48
,305,5.83,307,19.5,13.313,2.29
,463,7.22,463,15,0.499,1.96
,413,10.89,408,16.2,6.084,1.79
,305,11.33,306,17.6,0.893,1
,381,5.22,377,17.2,0.018,1.54
,390,5.98,395,18.1,1.518,0.82
,346,5.49,342,16.3,5.415,1.53
,407,9.62,410,15.8,14.176,1.85
,468,9.33,471,19.3,7.309,0.61
,408,9.65,411,19.4,12.424,2.72
,492,5.51,496,19.3,4.216,2.94
,488,3.97,483,17.2,5.127,1.93
,476,4.25,479,19.3,1.423,0.49
,381,3.5,378,16.3,15.68,0.09
,478,10.14,475,18.7,0.545,2.34
,431,8.75,427,18.4,12.931,1.1
,407,6,408,20,4.863,2.95
,405,7.18,409,19.3,7.062,2.86
,439,6.85,443,19.1,14.446,2.76
,456,3.04,455,18.2,12.325,1.14
,437,6.72,434,18.5,2.691,2.16
,481,8.49,476,18.7,13.49,2.25
,314,9.32,314,20,13.822,1.26
,308,7.14,309,19,11.288,1.24
,353,7.99,352,18.9,4.333,0.27
,428,4.14,433,15.5,6.434,1.48
,486,5.5,487,19,3.592,2.6
,464,6.91,462,15,11.07,2.33
,499,11.83,494,16.2,6.799,1
,492,4.79,494,16.7,13.708,2.99
,489,5.01,491,19.6,8.45,1.07
,334,8.63,339,20,12.952,1.06
,396,9.17,391,17.2,7.456,1.83
,341,9.11,346,16.6,13.421,2.63
,454,7.99,454,17.5,14.629,1.39
,490,3.09,491,16.5,4.284,0.83
,470,3.75,469,15.3,8.123,1.66
,418,9.82,415,17.8,10.355,2.52
,322,5.61,323,16.9,14.683,0.47
,422,5.21,418,19.7,8.825,0.48
,367,3.91,364,20,4.482,1.59
,413,11.84,408,16.8,15.771,1.35
,491,11.6,494,18.2,14.569,0.19
,387,5.98,392,19.8,3.226,1.52
,432,9.95,433,17.8,1.589,2.02
,420,9.1,423,17.8,0.844,1.41
,446,4.01,451,19.4,10.933,2.28
,330,10.63,327,17.8,9.469,2.77
,482,5.74,483,17.2,9.473,1.49
,444,11.53,441,18.2,4.108,0.21
,471,6.6,471,18,13.989,2.98
,331,7.81,326,16.5,0.035,0.57
,450,5.96,447,19.4,8.873,2.2
,400,5.85,400,16.1,11.783,0.74
,436,4.23,433,19.1,5.936,1.46
,443,6.25,443,16.3,8.708,2.95
,409,10.54,412,15.4,4.759,1.93
,407,3.85,410,17.9,12.638,0.1
,426,5.26,422,16.6,10.319,1.77
,446,4.26,451,15.4,13.629,1.74
,320,10.13,318,18,12.948,1.99
,339,10.62,341,18.6,14.242,1.21
,412,5.85,416,19.8,4.04,0.47
,463,4.41,461,16.8,14.711,3
,429,11.49,424,16.8,0.313,0.51
,434,9.52,432,17.2,3.728,0.09
,401,7.16,398,17.2,0.157,2.64
,428,9.33,423,18.6,0.591,0.22
,343,9.63,338,16.5,5.751,1.89
,367,11.6,364,18.1,12.155,0.59
,340,9.41,343,18.1,5.782,1.65
,354,6.65,353,19.7,11.454,0.21
,401,5.51,402,15.7,1.56,0.57
,331,11.52,336,18,1.961,1.16
,314,4.47,311,16.8,3.94,1.24
,410,4.02,411,19,0.163,1.54
,410,3.38,405,15.5,7.023,2.63
,310,9.14,309,19.4,2.53,1.4
,397,6.97,393,20,12.506,2.63
,488,7.99,485,19.2,10.401,2.53
,390,11.48,390,19.3,8.11,0.27
,419,7.46,422,19.5,4.842,1.33
,304,7.76,303,18.6,0.084,1.39
,448,6.06,450,17.6,11.424,2.78
,351,9.58,346,15.7,1.119,2.38
,433,6.36,433,19.3,8.862,1.11
,393,7.35,397,18.9,10.141,1.28
,308,3.29,311,17.1,8.901,0.03
,358,8.44,361,19,9.412,1.04
,482,10.72,478,15.3,3.853,0.81
,390,10.61,392,16.3,4.092,0.05
,498,6.09,496,18.8,1.12,2.99
,411,7.77,416,17.4,2.868,0.81
,354,7.91,353,17.3,12.929,1.37
,387,11.53,390,19.6,11.446,1.41
,329,9.98,333,19.5,12.363,2.03
,372,9.2,367,16.7,2.699,0.23
,361,11.88,356,18.9,6.29,1.27
,464,4.63,466,19.3,4.004,1.77
,321,3.86,323,17.5,15.981,1.94
,411,5.39,406,16.2,1.519,2.45
,308,9.86,310,18.2,9.826,2.41
,312,7.71,310,19.3,10.036,2.59
,398,4.44,398,16.3,4.374,0.04
,370,3.14,371,17.1,8.644,2.56
,402,9.57,402,16.7,13.511,0.98
,340,10.09,336,15.9,5.006,2.1
,372,3.28,372,16.1,0.36,0.98
,394,10.35,395,15.6,12.552,2.09
,329,10.48,333,18.5,11.406,2.14
,314,5.57,319,19.6,1.798,0.93
,329,7.13,327,15,0.954,0.13
,389,3.25,390,17,11.536,1.13
,451,5.16,451,17.5,13.945,0.6
,322,8.36,324,16.4,14.31,2.94
,389,5.45,390,16.2,7.651,2.13
,466,10.58,466,19.2,11.66,1.15
,366,10.04,370,16.4,10.588,0.71
,478,3.81,473,15,13.756,2.95
,322,5.84,318,18.8,4.024,2.84
,377,10.43,381,16.7,10.093,2.44
,411,11.13,412,18.3,1.863,1.67
,312,11.58,309,15.6,15.31,1.7
,301,11.51,305,15.7,9.762,2.76
,383,10.69,382,17.4,7.669,0.63
,322,10.11,319,17.9,6.853,0.28
,321,5.41,316,15.2,11.672,2.35
,353,3.02,356,17.2,0.428,2
,501,3.18,496,19,14.257,2.77
,400,10.97,401,19.6,9.69,1.47
,335,4.6,340,18.7,15.172,0.61
,396,8,395,15.5,14.021,0.6
,348,9.55,347,18.4,1.254,2.18
,342,11.54,347,19.3,4.459,2.26
,393,9.89,391,19.5,15.703,0.85
,464,7.86,464,16.9,6.907,1.46
,477,9.33,478,19.9,5.765,0.01
,328,6.52,328,15.5,4.516,1.92
,346,3.82,349,16.6,8.423,2.81
,419,4.77,416,17.4,6.206,2.63
,469,9.61,473,15.8,7.984,1.92
,323,7.43,319,16.7,10.395,0.35
,478,8.09,476,17.7,4.467,0.15
,316,6.8,318,18.6,14.428,0.52
,489,5.88,494,16.8,15.66,2.81
,396,5.11,393,18.4,1.371,2.32
,386,3.13,387,19,1.452,0.35
,369,5.65,367,19.6,10.014,2.87
,434,10.71,437,17.5,7.831,2.99
,312,6.33,312,17.8,8.91,0.27
,370,4.43,373,18.6,11.989,0.85
,426,5.09,430,18.2,14.634,1.09
,496,8.13,498,15.1,7.139,1.13
,458,10.11,457,17.5,4.397,1.62
,326,6.82,330,18,3.594,0.57
