"Well","ESP_OD_Casing_inches","Motor_Oil_Temperature","Intake_Temperature_F","Intake_Pressure_Mpa","Motor_Vibration","Current_Leakage_mA","PressureROC","Surface_Temperature","TDH"
"Well_999A","4.5",407,410,5.47,17.4,7.826,1.82,292,4270.80765644717
"Well_4377AG","7",471,470,10.31,15.7,3.472,0.09,337,4197.66753901495
"Well_4549G","5.5",351,347,4.29,17.1,15.791,2.47,243,5346.13720703218
"Well_4231N","7",344,347,4.37,17.9,10.489,2.68,244,4752.53893357236
"Well_175A","4.5",472,473,6.96,15,2.961,0.32,340,5474.38104764954
"Well_3323AG","4.5",465,463,5.01,16.2,13.296,1.32,332,5407.64703786653
"Well_192G","5.5",458,459,8.13,15.1,14.357,2.71,344,4896.92951327772
"Well_2811N","4.5",459,462,6.83,16.7,1.621,0.73,332,4194.53010861878
"Well_2710A","5.5",482,477,3.9,16.5,14.39,2.85,342,4900.21632032143
"Well_3103AG","5.5",423,424,3.4,17.3,1.649,2.2,320,4852.21234495426
"Well_3520G","4.5",353,356,11.23,17.9,4.656,1.36,251,5160.10812435416
"Well_109N","4.5",430,434,4.76,17.6,7.77,2.6,310,4942.99869083962
"Well_2608A","5.5",490,492,8.4,15.7,5.091,0.24,355,5397.33071468747
"Well_3950AG","4.5",325,320,10.26,15.7,14.886,0.16,223,4130.26941799698
"Well_605G","4.5",405,406,8.37,19.6,0.746,2.86,289,5031.33326979564
"Well_3804N","4.5",434,432,4.53,18.2,8.38,0.99,308,5348.58364736941
"Well_2820A","4.5",432,435,7.87,16.1,6.29,2.35,311,4533.15311808302
"Well_4141AG","4.5",406,406,4.2,15.6,7.298,1.42,304,4611.17354183178
"Well_1083G","4.5",355,351,11.99,16.1,5.425,0.81,246,4845.36087634368
"Well_66N","7",299,303,8.98,18.9,8.103,2.29,230,5058.16093599889
"Well_368A","4.5",476,476,9.53,15.3,15.038,0.93,342,4364.80059540039
"Well_3661AG","4.5",416,411,10.17,19.5,1.843,2.09,292,5035.55857694033
"Well_1196G","4.5",332,329,8.49,16.6,2.724,1.77,230,4567.06926841894
"Well_26N","4.5",436,436,7.36,19.9,15.797,2.17,311,4135.23369505187
"Well_3289A","7",387,392,5.63,16,7.402,0.94,279,4867.55293968366
"Well_490AG","7",454,458,9.81,19.7,0.639,1.63,329,4866.78929420887
"Well_4198G","7",498,493,7.09,16.6,1.192,2.82,355,5493.51476985728
"Well_2929N","4.5",319,315,11.15,16.2,0.509,2.59,219,4483.0629377109
"Well_3059A","4.5",311,307,10.97,19.9,12.298,0.52,213,5263.57764887693
"Well_47AG","5.5",438,438,6.8,18.5,6.132,1.76,313,5059.24406868918
"Well_3020G","4.5",346,349,5.02,15.2,6.355,2.06,246,4425.14771590871
"Well_698N","4.5",299,300,3.09,16.2,15.284,0.06,209,5267.05931191426
"Well_1678A","4.5",443,442,9.02,15.7,2.317,1.97,316,4518.84999793884
"Well_571AG","5.5",348,350,6.37,16.9,1.054,0.72,263,5005.05295852711
"Well_3508G","4.5",405,402,11.44,18.7,13.45,2.54,304,4204.98287909804
"Well_4314N","5.5",425,429,8.82,18.7,11.497,0.77,307,4060.91633617994
"Well_383A","7",348,348,10.42,17,1.823,1.99,245,4669.97757275589
"Well_3718AG","5.5",468,466,3.43,17.3,10.576,1.88,334,4460.79136905889
"Well_4735G","4.5",387,383,3.48,15.6,10.443,1.25,271,4546.64274868858
"Well_3527N","4.5",483,483,10.33,16.8,15.707,1.7,347,5476.50694008335
"Well_3638A","5.5",404,407,6.25,20,10.101,1.1,290,4738.14912086469
"Well_1086AG","4.5",464,468,7.74,19.3,9.842,1.23,356,4236.55021860008
"Well_408G","4.5",400,400,5.53,17.2,13.863,0.89,284,4373.10374579998
"Well_356N","4.5",468,466,11.31,19.3,8.427,2.07,353,5140.02021337976
"Well_4265A","4.5",436,432,9.44,15.4,7.993,2.63,308,4913.57036492578
"Well_1080AG","4.5",416,412,5.01,18.9,9.946,2.71,293,5421.18547268631
"Well_2534G","4.5",430,430,10.72,16.4,1.825,0.36,307,5440.27667906461
"Well_4785N","7",303,301,10.19,15.2,2.113,1.92,209,4760.84372321842
"Well_3307A","5.5",306,302,4.16,19.9,11.65,1.99,209,4678.09100949368
"Well_2457AG","4.5",474,471,11.93,18.7,0.523,1.64,338,5049.82627172954
"Well_4869G","4.5",474,477,8.62,18.1,5.365,0.3,343,5035.47577963374
"Well_1259N","5.5",416,414,3.33,18.5,5.031,0.38,294,4140.8475901268
"Well_4801A","7",480,485,6.38,18.9,10.871,2.92,350,4035.73151512071
"Well_3884AG","5.5",381,382,3.25,16.3,3.804,0.75,287,4397.1811051683
"Well_2655G","4.5",333,334,8.27,18,2.832,2.61,234,5384.08789408416
"Well_4645N","5.5",485,488,4.14,20,14.865,2.83,352,5253.73073788825
"Well_4793A","4.5",306,305,5.86,19.3,10.148,0.9,212,4063.10798673914
"Well_2561AG","4.5",417,418,8.62,19.9,8.375,0.83,298,5489.62729360699
"Well_1798G","7",406,402,6.06,18.3,4.849,1.83,285,5251.44063246436
"Well_4597N","4.5",310,315,11.87,19.6,13.24,0.82,221,4368.58079067757
"Well_4551A","5.5",336,334,7.42,16.4,6.95,1.85,234,5105.21676137205
"Well_1285AG","5.5",351,349,7.91,16.9,11.829,1.2,245,4812.72869312484
"Well_1021G","4.5",334,335,4.74,18.8,14.906,0.74,235,4579.11742789368
"Well_1558N","4.5",417,420,6.01,15.8,9.095,0.4,300,4769.75707658101
"Well_4879A","5.5",331,336,3.51,19.7,10.162,1.68,236,4776.53458859492
"Well_2527AG","5.5",474,475,10.09,15.9,15.576,1.52,341,5026.22524910606
"Well_2047G","5.5",499,499,10.74,15.6,6.692,2.32,360,4801.08813786018
"Well_291N","4.5",360,357,3.15,16,8.521,2.53,251,4710.77432775567
"Well_4900A","4.5",338,335,8.62,15.1,7.234,0.86,234,5360.91303672292
"Well_172AG","5.5",333,332,7.35,17.2,7.484,2.56,250,5012.89999632817
"Well_4111G","5.5",305,309,4.89,15,3.909,1.35,216,5005.92703698762
"Well_2773N","5.5",349,344,6.73,17.5,5.923,1.77,241,4762.56874795957
"Well_3138A","4.5",489,489,10.69,18,12.967,0.78,352,5353.19440801651
"Well_4539AG","7",500,497,11.51,17.8,2.073,1.56,358,4462.59579744423
"Well_2552G","4.5",363,359,9.86,17.4,5.103,2.93,270,4983.73184529343
"Well_2325N","4.5",401,403,8.59,19.2,12.421,2.29,287,4335.32157431985
"Well_3145A","4.5",337,340,11.98,17.5,11.328,1.85,239,4872.74930972187
"Well_1976AG","5.5",473,475,7.12,17,0.861,2,342,4819.2868245123
"Well_4046G","5.5",478,481,9.07,17,4.747,0.44,346,5271.07879419625
"Well_500N","5.5",488,483,7.53,17.2,1.235,2.7,347,5170.23601426301
"Well_101A","7",501,500,7.98,17.1,14.171,1.49,360,4882.02601649798
"Well_1931AG","5.5",389,385,8.34,15.8,14.757,0.68,272,5057.28907233709
"Well_3113G","5.5",403,399,6.9,17.6,5.198,0.46,283,4119.90649889084
"Well_3689N","4.5",477,480,10.03,18.5,6.168,2.14,346,4225.89040242019
"Well_4319A","4.5",377,378,5.32,18.2,1.91,2.83,286,4744.58176498162
"Well_17AG","4.5",356,357,9.7,16.8,6.532,0.57,252,5424.94514932693
"Well_1234G","5.5",460,463,10.04,20,11.333,0.39,333,5273.98353092512
"Well_1442N","4.5",416,421,9.28,15.1,9.521,0.51,301,4958.72324465215
"Well_514A","5.5",299,301,10.19,17.2,10.444,3,210,5244.46563732764
"Well_3005AG","5.5",337,338,7.26,16.5,8.563,0.45,237,4531.0885811625
"Well_611G","4.5",325,327,9.39,19.9,14.351,2.35,229,5288.94668695284
"Well_650N","5.5",491,489,4.82,17.7,6.29,0.79,352,4931.13433646155
"Well_4145A","5.5",470,473,7.03,19,12.393,0.08,340,4297.74930029828
"Well_2301AG","5.5",454,452,8.82,20,2.467,0.75,343,5080.76746859937
"Well_4044G","5.5",456,457,8.77,17.3,14.95,0.35,328,4475.71083759447
"Well_2745N","4.5",312,315,7.62,17.5,9.664,0.91,220,4258.10114915855
"Well_3618A","4.5",359,362,10.57,16.1,9.237,2.84,256,5404.39472648315
"Well_2568AG","7",463,466,5.38,16,1.926,1.46,335,5124.28896358702
"Well_2636G","4.5",331,330,6.65,19,10.927,2.98,231,5132.3886681851
"Well_4993N","5.5",314,319,7.45,18.5,9.735,1.44,224,4453.87975451909
"Well_1765A","7",404,402,6.31,20,7.475,0.12,285,4805.69946002681
"Well_1236AG","4.5",427,432,7.08,16.3,10.388,2.26,309,4579.81773514836
"Well_144G","7",468,469,4.63,19,13.347,2.07,337,5419.24310453236
"Well_786N","5.5",311,312,5.15,18.3,12.554,0.36,218,4961.49487086595
"Well_3432A","4.5",337,340,10.28,15.7,6.809,2.26,255,4602.65008601733
"Well_2230AG","5.5",418,420,8.07,15.9,12.235,1.26,300,4401.47583053866
"Well_2476G","4.5",333,334,3.88,15.6,4.773,1.7,234,5266.54567952198
"Well_1823N","5.5",446,444,10.43,18.7,9.831,0.09,317,4086.9537202362
"Well_18A","5.5",355,360,8.2,16.1,9.38,0.52,270,5286.98414785462
"Well_307AG","7",452,449,4.93,16.9,12.305,0.29,338,4596.39516913565
"Well_2972G","5.5",461,460,8.2,15.3,7.265,0.05,330,4814.36594266351
"Well_3581N","4.5",459,458,8.39,19.5,7.806,0.53,328,4457.19069963717
"Well_2895A","4.5",338,337,3.37,15.3,7.007,1.28,251,5287.3562534051
"Well_4024AG","4.5",346,346,3,19.1,1.897,1.38,243,4537.52773337881
"Well_1526G","7",335,338,5.27,17.9,6.527,1.75,238,5043.66025955649
"Well_3800N","4.5",379,383,4.39,16.9,15.36,2.1,272,5107.50061084051
"Well_4837A","4.5",423,428,3.17,15.8,10.193,0.5,306,5315.51318762242
"Well_2518AG","4.5",364,363,10.64,17.2,12.456,0.9,256,4842.06331863534
"Well_904G","4.5",465,464,6.86,15,2.217,1.4,333,4700.95658886409
"Well_171N","4.5",368,372,6.34,18.6,9.945,2.14,263,5386.93519684649
"Well_294A","4.5",381,384,11.05,15.2,14.722,2.92,287,4900.07648460381
"Well_3590AG","4.5",460,463,3.58,17.1,3.729,1.85,333,5274.44518779195
"Well_121G","5.5",445,450,6.03,18.2,9.711,0.74,323,4545.72149923211
"Well_1953N","4.5",333,334,10.49,20,1.451,0.55,234,4955.11119509861
"Well_960A","5.5",314,318,5.98,17.2,5.166,2.51,223,4401.7807002794
"Well_1022AG","4.5",387,392,5.49,19.1,13.59,1.96,279,4027.04923007148
"Well_4936G","4.5",457,455,9.33,19.7,3.768,1.12,326,4493.90883254306
"Well_817N","4.5",405,410,11,16.4,3.648,1.53,292,5007.07231447147
"Well_358A","4.5",491,496,10.46,17.7,8.206,2.75,358,4536.4062137045
"Well_4976AG","5.5",499,496,10.52,17.6,1.844,2.03,357,4709.16391812311
"Well_1704G","4.5",409,404,7.24,17.8,0.96,1.45,286,5244.28925708588
"Well_4917N","4.5",313,316,7.95,15.6,15.68,0.9,221,5466.38391800201
"Well_2964A","4.5",323,325,7.84,19.5,8.641,2.74,228,5399.357714521
"Well_2099AG","4.5",485,485,10.21,17,13.587,2.91,366,5466.23360308562
"Well_4622G","4.5",480,484,7.87,16.2,5.718,2.12,349,4830.60073612374
"Well_2874N","4.5",345,345,11.54,17.9,4.447,0.11,242,4766.88005241286
"Well_1064A","5.5",310,313,9.18,17.2,11.483,1.75,219,4806.65468312986
"Well_4996AG","4.5",390,388,5.51,19.3,3.922,2.5,275,4272.78153135255
"Well_205G","7",321,316,10.92,17.1,10.559,0.92,220,5182.11457589408
"Well_1481N","4.5",469,464,7.1,16.7,9.479,2.06,349,4149.33693523356
"Well_2451A","4.5",387,391,3.59,19.2,8.575,2.97,278,5098.18402980245
"Well_2183AG","4.5",346,346,9.56,15.3,12.269,1.12,243,4859.97438183054
"Well_877G","4.5",374,370,7.2,19.4,10.574,1.31,261,4158.73308017896
"Well_3196N","4.5",424,422,6.67,18.1,4.521,2.03,319,4682.27738824836
"Well_4104A","4.5",348,353,11.88,17.5,5.115,2.27,249,5042.49840187375
"Well_75AG","4.5",313,310,11.83,17.5,6.777,0.73,216,5359.18169825291
"Well_580G","4.5",412,416,5.7,17,5.299,2.3,297,4285.64599158522
"Well_1790N","5.5",396,394,5.45,19.4,3.86,1.39,279,4943.11751816375
"Well_4943A","7",362,366,9.17,17.7,0.525,2.09,259,4456.61549848272
"Well_2947AG","5.5",323,323,3.54,19.5,7.438,0.76,226,4547.29072090331
"Well_2548G","4.5",350,347,9.66,15.9,3.402,2.72,243,4522.89946454158
"Well_1908N","4.5",385,383,10.27,15.3,14.701,0.63,271,4289.96945437975
"Well_2496A","5.5",487,482,6.04,16.2,14.576,2.94,346,4725.08188691107
"Well_2777AG","4.5",411,406,5.17,18.2,8.638,1.63,288,4849.75098806596
"Well_1213G","5.5",361,364,9.51,15.6,15.976,0.31,257,5044.69185686996
"Well_2032N","4.5",408,412,5.31,18.4,1.087,1.89,294,5204.01084972057
"Well_2304A","4.5",428,423,8.65,15,4.344,2.94,301,4354.12373770191
"Well_4732AG","5.5",319,322,3.36,17.6,7.792,0.25,225,4655.14560075314
"Well_4794G","5.5",340,339,9.31,16.5,6.732,1.57,238,4072.55876448541
"Well_3397N","7",402,403,6.29,16.9,10.683,2.43,286,4488.99158912944
"Well_3616A","5.5",419,415,9.43,18.4,2.554,0.31,295,4920.63759571151
"Well_578AG","5.5",403,403,9.24,19.6,7.003,0.57,286,4359.09268587362
"Well_2574G","5.5",409,409,8.07,18.6,13.312,0.91,291,5290.87091507972
"Well_681N","4.5",301,303,11.15,19,2.822,2.96,211,4313.76930484083
"Well_1244A","5.5",298,300,7.84,16.6,12.921,1.8,209,4628.67949858634
"Well_2508AG","4.5",377,373,8.08,15,3.944,2.49,263,5448.19009925262
"Well_2224G","4.5",422,423,5.79,15.8,1.057,0.78,302,4458.63669473329
"Well_3434N","4.5",482,486,3.28,18.5,15.536,2.89,350,5371.6801275867
"Well_4169A","7",431,429,11.35,16.8,7.732,0.85,306,4197.93824040564
"Well_569AG","4.5",335,334,8.75,15.5,7.447,0.15,234,4052.60981171089
"Well_1045G","5.5",341,343,9.95,18.4,5.841,2.02,241,4735.58511730214
"Well_4028N","4.5",424,424,8.78,16.8,3.427,0.16,302,5099.4460113598
"Well_2816A","5.5",329,326,4.5,18.3,10.21,1.99,246,5265.62581305671
"Well_3729AG","5.5",307,306,7.64,18.7,9.108,1.27,213,4836.48299587914
"Well_3908G","4.5",349,351,3.85,19.7,11.644,0.47,247,4853.18617115403
"Well_4330N","5.5",334,339,11.74,18.7,12.35,0.12,239,5214.9731926485
"Well_551A","4.5",502,498,10.63,16.3,5.193,2.77,359,5312.25428761612
"Well_4348AG","5.5",383,385,11.23,15.8,9.897,2.58,289,4681.76889690058
"Well_441G","4.5",401,406,4.64,17.9,9.55,2.13,289,5482.04873170238
"Well_1901N","5.5",400,398,5.72,17.7,0.342,0,282,4298.72744785668
"Well_2375A","4.5",417,421,7.74,19.6,13.455,0.43,301,4901.62152828602
"Well_4321AG","4.5",478,477,3.25,18.3,3.007,2.08,343,4032.74335345579
"Well_2434G","4.5",331,329,9.35,19.1,10.394,2.15,230,4015.3594443188
"Well_3927N","4.5",462,461,3.37,15.3,8.573,2.11,346,4981.89177129092
"Well_509A","7",412,415,11.01,15.2,5.643,0.34,296,5121.62853241898
"Well_3336AG","4.5",340,340,3.2,15,8.514,1.8,239,4306.58760516974
"Well_3049G","5.5",348,353,9.81,19.6,13.654,1.48,249,4530.45283434517
"Well_4725N","4.5",453,456,9.76,16.3,2.933,0.65,327,5219.74446646683
"Well_2181A","4.5",458,458,8.82,17.7,13.782,1.34,328,4848.45968433307
"Well_3575AG","7",436,434,5.65,19.5,14.256,1,310,4367.73080102867
"Well_57G","4.5",356,356,10.7,19.6,7.823,0.74,251,4845.54373634141
"Well_863N","4.5",431,433,9.42,19.8,12.893,1.16,309,4462.86045061518
"Well_2269A","5.5",384,382,10.94,18.9,11.55,2.45,270,4393.6212569268
"Well_4151AG","4.5",443,444,4.66,19.7,12.555,1.84,318,4951.64281888655
"Well_4369G","4.5",314,310,9.72,18.6,10.871,2.57,215,5287.64258828387
"Well_4332N","7",349,346,6.18,16.9,13.95,2.48,243,4314.68280622968
"Well_2410A","4.5",401,404,9.17,17.7,9.388,1.24,287,4531.16587286349
"Well_327AG","7",335,332,7.32,18.4,13.912,1.23,232,4614.80756958248
"Well_355G","4.5",449,447,8.4,16.5,3.113,0.74,320,4768.68350655027
"Well_1585N","7",324,326,5.64,17.5,3.741,2.63,228,4748.82919623982
"Well_889A","4.5",442,440,8.29,19.6,11.881,1.41,314,4991.62149207434
"Well_4433AG","5.5",355,358,8,19.9,15.553,0.85,253,5147.84839562071
"Well_2187G","4.5",455,458,6.22,16.6,10.521,1.14,329,5046.30398688838
"Well_477N","5.5",495,498,7.5,19.5,4.835,0.33,359,4275.91867067385
"Well_2240A","4.5",399,399,11.76,17.1,0.534,2.68,283,4843.2417333452
"Well_2480AG","4.5",459,456,9.22,17.2,14.551,1.52,344,4275.86280013551
"Well_1226G","5.5",441,437,3.76,17.3,0.328,1.76,312,4511.83833964402
"Well_1574N","5.5",419,417,4.51,15.3,4.824,0.51,297,5445.7047948481
"Well_1225A","4.5",390,392,5.1,17.9,14.427,2.15,278,5499.66641302127
"Well_2354AG","4.5",466,468,6.77,16.5,1.217,2.36,336,4430.09859478334
"Well_2103G","5.5",456,459,3.42,15.6,0.427,1.02,345,5174.55626053945
"Well_3578N","5.5",310,314,4.04,18.6,9.562,0.24,220,4896.54298630334
"Well_2170A","5.5",415,417,4.85,19.5,11.931,1.12,297,4154.72760788421
"Well_851AG","4.5",428,430,11.34,16.4,14.763,1.77,324,4706.16248305608
"Well_2257G","4.5",482,479,8.33,19.9,13.097,2.23,344,5079.92760140565
"Well_3518N","4.5",457,456,10.17,18,7.15,0.49,327,4751.19413242838
"Well_3995A","4.5",348,352,5.1,19,8.109,1.95,248,4387.38527098089
"Well_4147AG","5.5",345,348,7.52,19.2,12.346,0.31,245,4689.77143053059
"Well_1172G","4.5",321,322,3.27,17.2,12.598,0.67,225,4744.51268296153
"Well_3242N","4.5",401,406,4.63,19.8,8.032,1.16,289,4321.02630056045
"Well_4074A","5.5",487,485,4.92,17.1,5.413,2.01,349,4832.81644601934
"Well_353AG","4.5",386,387,9.48,16.5,4.184,2.79,274,5455.98552261642
"Well_4049G","4.5",358,358,6.39,17,9.864,2.95,252,4293.73293192568
"Well_2822N","7",355,353,4.6,18,3.75,2.56,248,5059.3009041273
"Well_2984A","4.5",474,470,11.28,19.9,6.262,2.52,357,4873.65324428095
"Well_844AG","4.5",439,434,11.3,17.2,6.721,1.08,309,5350.27335698111
"Well_4990G","4.5",302,300,4.24,17.2,13.152,1.97,208,4550.1965177611
"Well_3341N","4.5",393,391,10.16,18.3,12.196,0.41,277,4240.82038271311
"Well_1533A","7",395,399,7.68,15.5,2.533,1.33,284,4654.31681826944
"Well_1346AG","4.5",394,393,10.82,16.6,13.94,1.26,279,4882.88789973781
"Well_2954G","5.5",326,329,6.43,17.9,2.856,0.92,231,4178.6117373954
"Well_1587N","5.5",415,411,10.84,19.5,3.959,2.21,292,5284.21233121213
"Well_2087A","4.5",336,332,11.31,15,6.882,0.74,232,4830.88188633882
"Well_1108AG","4.5",305,301,5.4,15,4.453,2.36,209,5144.74973099143
"Well_1220G","4.5",425,423,10.96,16.1,8.312,1.48,301,5054.39580195607
"Well_2837N","4.5",312,314,7.4,16.9,5.115,1.74,219,4603.14810580853
"Well_2507A","4.5",296,301,11.28,18.6,10.482,0.35,210,4082.7976567219
"Well_3709AG","4.5",405,410,3.45,15.3,4.618,0.93,292,4321.39431396406
"Well_4346G","4.5",421,416,9.31,18.9,5.736,1.94,314,5070.64158738777
"Well_2803N","4.5",369,371,10.61,19.4,4.432,1.04,262,5220.80719521944
"Well_2022A","5.5",332,328,3.11,15.9,0.719,2,229,5088.15451237396
"Well_1681AG","4.5",409,407,3.46,19.7,6.023,1.79,289,5382.83956413134
"Well_934G","5.5",356,359,6.12,17.6,14.289,0.57,253,5291.38191367732
"Well_3149N","4.5",317,315,7.45,16.1,5.878,0.84,219,4657.46573926997
"Well_1766A","5.5",444,441,4.05,15.6,6.515,0.62,315,5484.99569532461
"Well_2139AG","4.5",492,496,11.78,19.3,15.704,2.33,358,4925.19205582491
"Well_198G","4.5",391,388,8.43,16.7,7.814,2.74,274,5325.64014826552
"Well_4832N","4.5",369,369,4.01,17.8,6.736,0.4,260,5077.83171585994
"Well_1507A","5.5",470,473,10.82,15.5,13.788,1.52,356,4240.35272659105
"Well_4884AG","5.5",483,486,5.02,17.1,10.321,0.34,350,4907.73648860492
"Well_2570G","7",368,373,3.35,18.6,8.23,2.14,264,4544.79889738839
"Well_4688N","4.5",481,484,3.34,16.3,0.833,0.57,349,4952.94384185667
"Well_339A","4.5",466,464,7.81,16.1,13.499,2.43,333,4454.77733082161
"Well_1154AG","4.5",429,430,6.25,19.5,14.698,2.89,307,4121.465503874
"Well_987G","4.5",335,334,8.7,18.6,9.812,1.69,234,4088.72902058274
"Well_2675N","5.5",360,360,7.03,19.2,6.686,1.93,254,5353.29765145248
"Well_364A","5.5",454,457,10.42,18.3,2.757,1.45,328,5243.36357465503
"Well_550AG","4.5",423,426,7.7,16.7,2.911,1.27,304,4830.57801724598
"Well_4583G","4.5",323,319,3.89,15.4,4.225,2.21,222,4355.42123312689
"Well_976N","4.5",385,389,7.3,18.2,9.001,2.15,276,4222.84581964929
"Well_826A","4.5",426,422,9.86,15.6,9.365,0.95,300,5120.11259121075
"Well_4114AG","4.5",346,347,8.11,19.6,0.493,1.38,244,5499.9278025832
"Well_794G","4.5",495,500,7.55,17.9,8.726,0.18,361,4256.24162145914
"Well_3777N","4.5",505,500,7.74,18,3.461,1.32,360,4375.666401478
"Well_2111A","4.5",397,394,5.14,18,3.93,2.17,279,5249.47466901108
"Well_4968AG","4.5",487,489,11.85,16.7,13.83,1.01,352,4555.37698365678
"Well_2428G","5.5",414,417,3.32,16.7,1.641,2.86,297,4297.00364281097
"Well_2021N","5.5",457,458,11.99,18.9,14.024,1.41,328,5112.79573929287
"Well_2674A","4.5",390,390,4.02,19.1,13.834,1.85,276,5478.84338765941
"Well_1192AG","4.5",393,390,10.86,15.7,11.895,1.22,276,4189.30683957529
"Well_3116G","7",330,325,10.71,16.8,14.946,1.32,227,4981.47894074675
"Well_4634N","4.5",472,467,6.88,19.9,11.617,0.38,335,4095.76541468641
"Well_3966A","4.5",310,309,8.9,17.2,14.624,0.1,215,4679.82940369518
"Well_1956AG","5.5",360,355,8.88,16.9,2.458,0.75,266,5397.28746572835
"Well_1423G","4.5",458,461,8.04,18.2,12.161,0.73,331,5478.03285174537
"Well_3517N","5.5",354,355,4.23,17.9,10.092,1.96,250,4631.18524916517
"Well_4226A","5.5",376,373,5.35,18.9,6.475,0.57,263,5070.75847922964
"Well_1899AG","4.5",324,324,7.15,18.3,12.644,1.05,245,5303.37748186523
"Well_4678G","4.5",406,407,10.26,15,10.448,2.35,289,5068.67515149037
"Well_3322N","4.5",402,402,9.84,18.4,5.628,2.82,286,4868.40391318244
"Well_2546A","4.5",305,303,7.74,17.1,15.262,2.37,210,4487.06792026502
"Well_4136AG","4.5",324,321,5.59,19.3,10.11,1.7,224,5383.71476060664
"Well_4097G","5.5",405,401,5.97,15.3,8.356,0.06,284,5072.08086147625
"Well_4196N","4.5",384,383,3.23,16.9,4.708,0.38,271,4046.53597639455
"Well_7A","5.5",311,308,5.58,18,15.615,1.67,214,4807.39345169347
"Well_3975AG","4.5",338,338,10.94,15.4,15.191,2.99,237,5218.99630216742
"Well_498G","5.5",365,368,6.41,19.6,6.19,0.62,260,4015.65661594784
"Well_3512N","4.5",308,311,4.19,18.5,15.691,1,236,5133.39634364867
"Well_1997A","4.5",340,335,7.86,17.9,4.426,0.97,234,5372.23267113068
"Well_1457AG","4.5",395,400,10.37,17.1,1.262,1.39,285,4674.96820737747
"Well_4251G","4.5",350,353,4.3,18.8,8.32,2.52,249,5341.46699444088
"Well_3022N","4.5",390,393,4.02,17.5,5.329,2.05,279,4387.67494938755
"Well_4125A","4.5",460,463,7.76,18.5,0.666,0.51,351,4378.11917763576
"Well_2646AG","7",494,495,7.16,15.7,15.713,2.64,357,4816.18043788476
"Well_3700G","4.5",315,312,7.06,19.4,4.899,0.3,217,5500.06897256873
"Well_3948N","5.5",419,423,3.37,19.3,7.638,1.42,302,5495.56155844615
"Well_4161A","4.5",393,395,3.59,18.9,0.348,0.68,281,4545.79222359415
"Well_3820AG","4.5",402,404,11.94,15,8.327,1.88,302,4302.40302255959
"Well_3833G","4.5",453,451,5.81,15.6,2.028,2.46,323,4212.78429013956
"Well_2278N","5.5",429,430,9.93,16.5,7.734,0.64,307,4494.24668843695
"Well_309A","4.5",502,500,5.75,19.5,5.541,1.15,360,5240.77136604651
"Well_3586AG","4.5",458,462,9.99,17.2,10.525,2.13,332,5123.05838467251
"Well_2971G","5.5",337,341,11.48,18.9,14.192,2.76,240,4413.66405593185
"Well_4547N","4.5",476,475,6.67,15,15.389,1.16,341,4862.4362031878
"Well_921A","4.5",420,422,6.96,17.5,3.25,0.73,301,4622.78165899054
"Well_1036AG","4.5",340,345,5.15,19.4,14.968,0.62,243,4876.81227177428
"Well_415G","4.5",456,452,10.01,19.3,4.669,0.8,323,4169.70462167123
"Well_964N","4.5",372,370,11.09,16.1,10.93,2.75,261,5352.77505959268
"Well_4160A","4.5",481,483,10.61,16.7,12.259,0.41,348,5118.14307958214
"Well_3969AG","7",480,481,9.98,20,12.955,1.43,346,4861.92954144441
"Well_2299G","5.5",409,411,10.92,18,7.275,0.06,293,4070.0000687202
"Well_1424N","4.5",314,309,3.73,19.4,13.837,0.06,215,4465.38119491213
"Well_1496A","5.5",312,309,4.6,16.1,2.087,1.96,231,4860.83424214111
"Well_3161AG","4.5",417,418,8.42,15.9,0.111,1.52,298,4776.78967318684
"Well_1367G","4.5",449,453,8.78,19.3,12.424,2.68,325,5105.65048196143
"Well_3839N","4.5",367,365,8.8,17,9.498,0.32,274,4065.58017692575
"Well_4567A","4.5",312,307,5.48,18.6,14.239,2.93,213,5320.04436398856
"Well_3406AG","4.5",344,344,9.46,17,3.21,0.63,242,4668.88904457563
"Well_3065G","4.5",353,354,10.01,19.1,6.593,1.06,249,5494.30327379121
"Well_3179N","7",352,356,5.12,15.3,3.827,0.28,251,5208.13742357306
"Well_1660A","7",460,462,7.76,16.2,8.501,0.98,332,4288.59216687502
"Well_1305AG","4.5",456,460,3.35,17.4,10.189,1.85,330,4870.43638462573
"Well_925G","7",478,482,3.5,17.7,7.818,0.52,347,5432.47956671054
"Well_9N","4.5",483,479,9.46,16,9.225,0.51,344,4168.48637264036
"Well_871A","4.5",355,358,3.07,18.1,12.224,1.47,253,4481.07415173342
"Well_3328AG","4.5",338,341,3.75,17.3,1.525,1.69,240,5142.74526657909
"Well_3075G","5.5",337,342,7.88,17.3,14.649,1.66,258,4826.54184154025
"Well_604N","4.5",415,410,7.6,18.5,15.46,0.3,291,4981.84803310689
"Well_443A","7",395,398,4.89,17.3,13.935,0.13,283,4188.34181160899
"Well_3046AG","4.5",500,500,4.24,16.6,3.98,1.16,361,4387.06044659833
"Well_4987G","5.5",459,462,4.74,17.2,1.738,0.45,332,5504.7004035525
"Well_446N","4.5",486,481,3.83,16.3,5.732,1.33,345,5182.92182239029
"Well_3367A","4.5",446,447,6.86,16,11.868,1.44,320,4552.57832185435
"Well_3866AG","5.5",439,437,7.01,19.7,7.567,0.66,312,5104.90510127973
"Well_1008G","4.5",501,496,10.17,19.8,1.986,1.18,357,4148.03880658257
"Well_2708N","4.5",326,325,7.85,18,7.887,1.61,245,5215.23719802476
"Well_4961A","5.5",460,464,3.27,16.8,15.155,2.87,333,5193.73323933035
"Well_4624AG","5.5",414,419,10.4,17,8.123,0.39,299,4809.74923194223
"Well_2537G","7",375,376,8.72,17.1,9.282,1.34,266,4670.7688845112
"Well_1895N","7",474,476,6.32,17,3.63,2.7,342,4807.05480602104
"Well_4287A","4.5",440,438,9.41,15.9,14.565,1.05,313,5231.61177732493
"Well_2067AG","4.5",461,456,5.04,17.7,0.115,2.89,326,4110.62247147411
"Well_662G","5.5",348,349,3.04,17.3,13.006,1.2,246,4613.23704701569
"Well_1395N","4.5",340,340,8.66,18.4,1.669,2.54,239,4996.63853838854
"Well_3558A","5.5",433,436,7.41,19,13.302,2.07,312,5048.74969030847
"Well_1911AG","4.5",412,414,5.67,16.7,12.285,1.52,295,5192.13607725361
"Well_1316G","4.5",475,473,4.23,20,4.008,0.91,340,4718.00751152425
"Well_3978N","4.5",301,300,9.73,15.9,13.426,0.21,208,4365.80676204222
"Well_798A","5.5",369,370,10.22,16.5,7.124,2.98,261,4374.11272199149
"Well_1634AG","5.5",384,382,3.65,19,7.904,0.57,270,5242.63316731318
"Well_2863G","5.5",431,429,5.17,19.9,7.566,0.36,306,5190.80994079076
"Well_2042N","4.5",324,327,7.2,19.6,15.301,0.16,229,4931.01002959278
"Well_1878A","4.5",457,459,5.36,18.1,3.396,1.19,329,5074.86894333898
"Well_4774AG","5.5",376,377,7.46,17.3,6.792,2.52,267,5007.40114442748
"Well_615G","5.5",329,325,11.69,16.4,7.244,2.7,227,4502.11668075295
"Well_2977N","4.5",460,462,11.47,19.9,10.024,1.74,332,4887.21676661051
"Well_4335A","5.5",309,305,4.27,19.5,6.448,0.3,212,4289.93411287572
"Well_1227AG","5.5",315,318,9.9,19.8,13.251,0.21,242,4799.30718418164
"Well_189G","7",400,403,8.05,16.7,12.469,0.54,287,5475.27279454982
"Well_4527N","4.5",312,313,11.99,17.4,9.245,1.03,218,5277.95272469497
"Well_186A","5.5",461,459,5.74,17,5.375,2.85,329,4519.31371857575
"Well_390AG","4.5",472,477,3.64,18.4,15.226,2.43,344,4484.77012287127
"Well_920G","4.5",455,455,11.93,18.8,10.316,0.12,326,5434.5218022028
"Well_1341N","5.5",501,500,5.41,16.4,0.527,0.66,360,5470.40281720576
"Well_367A","4.5",397,392,7.11,19.9,12.968,0.09,277,5164.95494014351
"Well_4126AG","4.5",341,340,9.31,15.6,1.993,2.85,238,4047.44957795832
"Well_4506G","4.5",456,455,10.98,15.7,9.564,2.45,342,4054.77060228051
"Well_3395N","5.5",421,419,11.55,19.4,13.187,1.7,298,4787.04425854259
"Well_1051A","4.5",322,320,10.12,16.9,11.473,0.23,223,4565.55365598598
"Well_4838AG","4.5",396,400,8.77,16.8,0.292,0.27,285,4378.28784668189
"Well_3164G","5.5",426,424,8.21,18.5,15.796,0.15,302,4142.75878598751
"Well_202N","4.5",355,356,11.81,19.5,6.126,0.92,251,5205.5268466461
"Well_2336A","5.5",425,426,5.26,16.6,5.594,2.82,304,4316.50148104085
"Well_3822AG","4.5",390,389,4.46,16.5,12.85,2.79,276,4329.73557191249
"Well_3510G","4.5",492,495,9.43,17.5,3.794,0.98,357,4567.47768346034
"Well_69N","5.5",406,403,6.17,18.9,12.593,1.12,286,5166.85847700271
"Well_1780A","4.5",425,423,3.39,17,0.195,2.33,301,5390.23646750976
"Well_809AG","4.5",452,448,10.09,18.9,15.563,1.58,320,5127.46635377314
"Well_3429G","4.5",437,435,10.72,15.3,13.548,2.31,326,4141.3396727636
"Well_163N","5.5",413,408,11.26,17,9.269,2.5,289,4236.42960207816
"Well_2502A","4.5",344,339,4.83,16.2,1.684,1.61,237,4091.08623461518
"Well_2501AG","4.5",472,469,10.82,15.1,13.349,0.08,336,4978.30058557726
"Well_1570G","4.5",324,328,4.85,15.9,15.154,1.61,230,5365.44366773102
"Well_4914N","5.5",321,326,9.82,17.6,0.805,0.35,229,4656.25939096115
"Well_2622A","4.5",383,382,11.91,17.7,9.476,0.36,288,4252.76140751666
"Well_3583AG","4.5",414,412,5.18,15.2,4.039,1.65,293,4218.38655571523
"Well_1249G","5.5",369,370,5.79,15.7,11.095,0.4,261,4923.34510273486
"Well_1148N","7",352,351,5.48,19.2,2.286,2.79,266,5250.80810621148
"Well_4098A","5.5",439,436,10.31,15.3,11.14,0.3,311,4299.45174385956
"Well_4139AG","4.5",492,495,9.4,15.2,10.529,0.43,357,4619.3850221613
"Well_643G","5.5",351,352,3.54,15.8,7.268,1.12,248,4115.39503758098
"Well_1523N","4.5",312,307,11.08,17.9,11.596,0.31,213,5357.1036009572
"Well_664A","4.5",367,362,6.89,15.1,10.557,2.45,254,5076.76579702809
"Well_2406AG","7",343,348,4.75,17.1,12.153,0.15,245,5356.25870062504
"Well_2586G","4.5",330,331,11.58,15.6,9.153,2.86,232,4099.14510848606
"Well_4357N","4.5",480,484,3.55,17,9.898,0.61,366,4382.72238511569
"Well_1451A","4.5",396,391,10.87,17.7,3.965,1.17,276,4123.43232515967
"Well_449AG","4.5",412,410,4.47,18.8,13.392,1.37,291,5439.16740626353
"Well_425G","4.5",303,305,4.28,15.8,7.976,2.93,213,4388.22445837525
"Well_2256N","4.5",329,325,6.77,16.7,13.081,0.55,227,4635.60328382859
"Well_3587A","5.5",341,341,10.43,17.3,2.273,0.35,239,4511.36232798873
"Well_3802AG","7",377,381,9.54,15.2,6.55,2.56,285,4528.15664437134
"Well_1863G","4.5",490,491,7.96,18.1,12.182,2.66,354,4436.97963139298
"Well_587N","4.5",311,308,9.31,19.2,14.023,2.52,233,4046.14738093247
"Well_2661A","4.5",430,426,4.82,18.2,7.736,0.47,303,5423.59540886036
"Well_3428AG","5.5",341,343,6.55,17.8,6.493,2.03,241,4926.48607691564
"Well_1708G","4.5",315,317,11.12,16,2.477,1.76,222,4886.87335396069
"Well_2386N","4.5",445,449,7.07,18.4,4.366,2.08,340,5072.88929091534
"Well_3256A","4.5",419,422,10.26,19.9,8.606,0.95,301,5018.13492390001
"Well_4438AG","4.5",440,435,11.27,17.1,7.687,2.39,310,4525.29679548414
"Well_2444G","5.5",371,372,5.88,15.4,6.352,0.86,263,5157.80016403622
"Well_87N","5.5",402,401,10.02,18.7,10.527,1.85,285,5353.90514091076
"Well_1937A","5.5",331,333,3.03,16,3.938,2.41,234,4164.74193342822
"Well_4565AG","4.5",347,345,3.66,17.4,7.471,2.84,242,4805.00839736103
"Well_124G","5.5",309,312,11.79,17,1.186,2.73,218,4627.07780764275
"Well_4994N","4.5",484,482,11.8,15.8,3.581,1.13,346,5113.56054270617
"Well_397A","4.5",415,420,4.24,17,12.923,1.33,300,4632.68475561636
"Well_917AG","4.5",400,399,6.33,16.1,7.435,2.85,283,5268.80140290316
"Well_1014G","4.5",487,487,3.98,18.8,2.78,1.52,351,4703.22330817045
"Well_1745N","5.5",415,419,8.26,17.1,7.96,1.86,299,4057.15567990183
"Well_1934A","5.5",350,349,11.41,15.3,11.15,0.52,245,5483.24215650302
"Well_3180AG","5.5",468,465,11.32,19.1,13.058,1.3,333,4327.77420752984
"Well_3297G","5.5",389,394,9.31,15.6,2.23,1.12,280,4667.06963680289
"Well_3211N","5.5",461,458,3.15,19.3,1.306,0.56,328,4981.0190737599
"Well_2588A","7",421,421,5.82,15,15.739,2,300,5059.24626454944
"Well_3533AG","4.5",347,344,4.85,18.7,3.859,2.39,241,4891.72050971142
"Well_4362G","5.5",473,470,10.7,16.2,1.915,1.33,337,4475.73394696484
"Well_1348N","4.5",373,376,8.37,17.5,12.092,1.91,266,5281.2003631983
"Well_4465A","7",309,307,10.36,18.2,9.312,0.91,232,4067.04351969995
"Well_1760AG","4.5",374,370,11.83,16.6,7.863,2.98,277,4992.71105981991
"Well_3216G","4.5",401,401,6.1,19.1,13.268,0.11,285,4370.01716674585
"Well_1865N","7",318,316,9.82,17.7,9.836,1.1,220,4637.48163083568
"Well_3192A","7",353,351,6.19,15.4,3.727,1.17,247,4918.8576282654
"Well_3524AG","4.5",385,385,8.15,18.7,0.807,0.82,273,5002.39354114002
"Well_2012G","4.5",471,476,4.02,16.7,10.327,1.87,343,5365.17998470133
"Well_4262N","5.5",322,325,8.75,15.5,14.886,1.61,228,4203.13824424986
"Well_1996A","7",364,360,4.85,18.5,3.35,1.21,253,4615.35925361328
"Well_4570AG","4.5",452,456,4.37,17,11.538,1.12,344,4776.56814476498
"Well_360G","5.5",346,351,9.3,17.2,6.364,2.97,248,4387.30074147042
"Well_4253N","4.5",299,301,11.8,15.2,8.035,0.29,210,5214.21379526798
"Well_4709A","4.5",441,444,5.7,18.9,5.465,1.71,318,5371.36315549398
"Well_4992AG","4.5",363,366,6.7,18,1.197,2.35,259,4501.0072176347
"Well_625G","7",438,434,10.72,15.2,15.83,0.05,309,5460.12814827962
"Well_3217N","7",307,306,10.56,19.5,0.136,0.86,213,4160.85541093023
"Well_2008A","5.5",377,376,5.59,17.6,10.292,2.63,266,5503.05783530674
"Well_2450AG","5.5",352,351,6.35,17.5,1.562,2.04,247,4191.00066596549
"Well_4906G","4.5",501,498,7.42,16.9,3.154,2.32,359,4331.88840998127
"Well_4776N","4.5",441,439,11.36,16.8,2.625,1.93,313,5476.7329625499
"Well_1292A","5.5",325,327,3.66,18.9,5.589,0.23,229,5266.42787153251
"Well_4480AG","4.5",381,376,5.94,19.7,11.842,0.94,265,4875.65915762004
"Well_3787G","4.5",375,377,9.5,15.6,13.928,2.73,267,5259.9768014967
"Well_2791N","7",357,353,8.58,17.9,12.395,2.68,248,4450.2238491131
"Well_4896A","5.5",449,446,7.68,17.2,12.308,0.05,319,4431.09755077376
"Well_3238AG","7",344,339,7.95,15.5,15.418,1.68,237,4950.0396273681
"Well_2981G","7",367,362,10.83,17.1,2.488,2.75,254,4985.78584623523
"Well_1615N","5.5",471,466,7.72,15.6,13.284,0.24,334,5091.7559376182
"Well_4679A","4.5",469,470,10.23,18.3,7.513,1.41,338,5123.38778492785
"Well_4041AG","5.5",494,498,7.86,16.7,13.066,0.84,360,5047.68557488034
"Well_2800G","5.5",354,353,3.3,16.5,11.913,0.33,248,5218.13385931565
"Well_4430N","5.5",362,364,8.82,15.4,13.195,2.7,257,5013.05099284416
"Well_1661A","4.5",415,411,4.91,17.8,4.62,1.62,310,4085.16740909731
"Well_3354AG","4.5",321,317,10.09,15.3,10.37,2.18,221,4582.18690328347
"Well_827G","4.5",318,318,11.43,18.7,4.679,2.9,241,4399.36269521271
"Well_731N","4.5",448,448,3.13,16,4.613,2.19,321,5395.45120372274
"Well_2196A","4.5",387,391,10.95,19.3,0.114,0.38,278,4563.91060066619
"Well_1310AG","4.5",415,415,8.29,17.7,8.223,2.51,295,5425.36805044371
"Well_2519G","5.5",482,483,6.41,15.1,9.094,1.11,348,5309.71218903945
"Well_4855N","4.5",460,460,10.52,19.7,10.83,2.63,330,4442.77391282166
"Well_1717A","4.5",416,411,4.97,18.2,7.562,2.54,292,5161.20163601008
"Well_2260AG","4.5",341,337,10.53,18.9,6.51,2.89,236,4473.44950565556
"Well_546G","7",313,308,11.04,19,10.51,1.42,214,4892.19497723505
"Well_1493N","4.5",452,447,8.44,19.8,0.496,2.67,319,4900.09900749265
"Well_2398A","4.5",351,347,10.29,18.5,11.502,1.99,243,4604.52235089941
"Well_1306AG","4.5",368,364,6.87,19,5.379,2.74,256,5150.56060454994
"Well_2492G","4.5",393,392,7.39,18.6,7.337,1.41,278,5440.2695121814
"Well_2185N","7",434,433,9.35,17.6,12.325,1.67,309,4701.51963862125
"Well_4681A","4.5",333,331,4.45,17.2,7.988,2.69,232,4826.90621410194
"Well_154AG","4.5",317,320,10.84,15.2,10.399,2.15,224,4932.73035084479
"Well_2532G","4.5",466,464,8.71,15.6,13.181,2.18,333,4775.05265990249
"Well_892N","4.5",447,442,4.1,16.4,13.726,2.06,315,4569.85583029059
"Well_4394A","4.5",395,398,11.92,19.8,8.531,1.18,283,4850.23208878632
"Well_2408AG","7",359,357,7.58,16.1,1.914,2.34,251,4817.01684757369
"Well_1755G","4.5",409,414,11.8,15,12.549,1.48,295,4262.18843893427
"Well_4429N","4.5",324,329,10.11,16.6,2.662,0.07,231,5312.62005430507
"Well_894A","4.5",458,454,3.82,15,12.315,1.54,325,4955.14631097252
"Well_4971AG","4.5",429,432,4.24,15,3.527,0.25,309,4286.04344635596
"Well_1384G","5.5",313,309,9.66,17.9,3.249,2.27,215,5369.99420079892
"Well_373N","4.5",332,335,7.41,19,3.847,2.12,235,4278.45703136898
"Well_3093A","4.5",333,328,7.16,18.7,10.941,2.68,229,4212.10260244063
"Well_3325AG","5.5",493,494,3.93,18.2,1.769,1.77,356,5239.88568788441
"Well_3921G","7",340,339,9.14,15.5,10.627,2.83,238,4655.72873816593
"Well_35N","4.5",439,438,10.44,16.9,0.249,1.88,313,5015.81697084149
"Well_4317A","5.5",468,473,11.35,17.5,2.187,0.04,340,5314.53668046184
"Well_4598AG","5.5",416,418,9.3,16,7.162,1.58,298,4848.44328660774
"Well_119G","5.5",364,364,8.36,19,8.862,0.19,257,5394.65876833932
"Well_694N","7",472,474,11.59,15.9,6.236,0.31,341,5354.35523805441
"Well_3181A","4.5",370,375,6.17,15.1,5.109,1.88,266,5061.72051525232
"Well_95AG","4.5",399,398,5.86,20,0.761,0.69,282,5270.90915210149
"Well_4056G","5.5",495,496,9.87,17.6,11.248,1.27,358,4971.64015588723
"Well_2297N","4.5",316,317,9.79,18.2,10.577,2.14,240,4262.52025477565
"Well_4593A","4.5",320,318,9.93,18.3,13.726,2.82,222,4513.55640177382
"Well_2152AG","4.5",467,469,5.72,17.2,15.643,0.32,337,4020.39946607058
"Well_4173G","4.5",456,454,6.61,18,10.006,2.48,343,4614.66854096414
"Well_4029N","5.5",436,435,8.33,16.5,4.588,1.6,311,4822.5889990367
"Well_292A","4.5",472,473,4.75,15.8,3.58,2.3,340,4069.70177090494
"Well_3649AG","4.5",440,442,8.35,15.6,1.673,2.58,316,4096.13814594457
"Well_4789G","7",448,453,3.16,17.3,5.953,1.78,325,5352.57694927044
"Well_417N","5.5",361,357,8.31,19.2,5.096,0.66,251,4169.99351112545
"Well_4546A","4.5",317,317,8.81,15.5,13.915,0.77,221,4101.92971695401
"Well_2133AG","5.5",374,369,6.94,18.2,11.677,2.22,260,5128.03105805838
"Well_1655G","7",400,400,5.62,15.6,13.371,1.26,284,4401.49694021558
"Well_4529N","4.5",503,500,8.07,18.4,10.004,1.27,360,5301.09745481471
"Well_1623A","4.5",432,433,3.6,19.6,11.397,2.12,309,5062.55895616207
"Well_2058AG","4.5",310,308,4.61,15.9,10.073,2.83,214,4035.97127169441
"Well_123G","5.5",488,493,9.22,15.3,3.818,0.5,356,5069.86990692141
"Well_1576N","4.5",325,328,4.81,17.1,9.003,0.26,230,4350.70526762819
"Well_858A","7",394,392,9.23,16.6,3.056,1.69,278,4908.75228771707
"Well_633AG","7",422,417,11.68,17.2,5.516,2.97,296,5020.0265157572
"Well_1821G","4.5",362,364,5.78,17.7,2.896,0.35,257,4576.08789416845
"Well_3521N","5.5",484,488,7.84,18.7,4.064,1.82,352,5462.94962251442
"Well_3389A","4.5",313,311,5.88,15,15.013,0.37,216,4647.97480221535
"Well_4178AG","4.5",376,378,11.54,17.7,14.762,1.69,268,4604.16736935033
"Well_1727G","4.5",441,436,5.98,16.1,13.651,0.56,327,4997.02914327406
"Well_2978N","5.5",326,329,11.25,19.8,7.228,0.12,231,5168.33328765165
"Well_1441A","4.5",397,402,8.54,17.9,8.384,0.14,286,4510.74196559982
"Well_3876AG","4.5",320,322,4.73,17.3,14.999,1.49,225,4072.4124767906
"Well_4728G","4.5",469,464,11.33,19.6,15.199,2.33,332,4767.3955943035
"Well_3943N","4.5",405,404,7.02,18.2,13.087,0.71,287,5401.10720571061
"Well_2682A","4.5",498,499,8.44,15.3,9.455,2.28,360,4729.18763046921
"Well_2910AG","5.5",308,308,4.93,16.1,9.252,0.91,215,4975.49942556326
"Well_1512G","4.5",312,314,3.54,16.8,10.235,0.97,219,4042.02026562649
"Well_2517N","4.5",395,391,3.05,15.9,14.077,2.78,277,4664.24793069926
"Well_2020A","4.5",381,378,10.34,15.9,8.239,1.01,267,4223.43964272179
"Well_820AG","4.5",459,462,9.83,17,0.348,1.42,332,4802.63802633248
"Well_4426G","4.5",463,458,4.07,15.1,2.339,0.98,328,4621.38403319847
"Well_4403N","4.5",440,442,5.39,18.4,9.247,0.78,316,4869.32605426293
"Well_4206A","4.5",470,469,10.04,17.6,11.011,2.83,337,4017.71399483969
"Well_2940AG","4.5",351,351,7.77,16,1.724,2.1,247,5152.23964151484
"Well_3091G","5.5",365,364,3.11,17.3,13.8,0.12,257,4369.72906069201
"Well_2781N","4.5",361,363,4.04,19.5,9.407,1.6,276,4108.14562224038
"Well_1748A","4.5",339,342,11.09,15.2,5.058,1.57,241,4255.04602269526
"Well_1095AG","4.5",478,483,7.53,18.1,7.864,2.2,348,4085.46207140433
"Well_2156G","4.5",304,300,5.96,17.5,8.727,0,208,4786.72922109789
"Well_3305N","4.5",477,481,8.24,18.7,6.333,1.46,346,4422.48654093803
"Well_4277A","5.5",480,483,8.39,15.4,6.053,0.66,348,4472.06675807829
"Well_2262AG","5.5",428,430,9.31,15.1,11.202,1.75,307,4029.59533838043
"Well_973G","4.5",446,445,8.5,15.1,9.463,0.77,318,4070.81212356244
"Well_4075N","7",414,413,9.88,19.8,13.006,2.36,294,4277.07042947179
"Well_1999A","5.5",347,345,10.74,16.2,11.409,1.29,242,4024.8820473149
"Well_1171AG","5.5",447,451,5.76,16.6,15.352,0.09,340,4059.1284240887
"Well_1116G","4.5",409,414,7.3,17.6,0.463,1.97,295,5047.76880916744
"Well_4651N","5.5",496,500,5.43,15.7,6.848,1.4,361,4804.33651418937
"Well_895A","4.5",417,420,4.9,15.4,9.654,1.78,300,4628.48863121169
"Well_4978AG","4.5",413,412,3.27,15.4,2.824,0.99,293,5306.97877612943
"Well_3425G","4.5",424,428,10.61,16.7,6.067,2.69,306,4609.72277342272
"Well_3745N","4.5",335,337,7.78,15.3,6.232,1.1,237,5438.91945008351
"Well_1181A","5.5",433,432,5.89,15.8,1.149,0.56,308,4450.09482904198
"Well_2065AG","4.5",387,385,4.38,19.7,1.895,0.61,292,4376.7456674641
"Well_2352G","4.5",427,429,4.21,16.5,12.333,1.68,306,4450.54809583118
"Well_27N","7",350,351,8.12,19.9,12.575,0.89,247,4158.39933004463
"Well_444A","4.5",301,306,9.76,16,6.589,2.05,214,4923.33397794864
"Well_2079AG","5.5",450,451,3.05,19.9,14.047,2.45,323,5494.58008019463
"Well_2400G","5.5",378,378,9.8,19.5,7.911,1.02,267,5459.39011626691
"Well_4499N","4.5",346,346,5.84,16.5,6.903,2.01,243,4111.03992184694
"Well_2861A","5.5",372,377,10.79,16.4,0.526,0.72,267,4849.16336838109
"Well_3105AG","4.5",388,390,3.22,16.5,5.539,0.43,293,4742.82551254472
"Well_3413G","4.5",360,355,10.55,18.1,12.471,1.75,249,4070.98675569589
"Well_4951N","5.5",325,325,3.61,17.1,7.632,0.69,244,4887.42497974611
"Well_3681A","4.5",408,407,11.4,15.9,0.634,0.6,289,5339.57672865433
"Well_2998AG","4.5",417,420,11.91,15.4,6.64,1.94,300,5470.56516408827
"Well_2564G","4.5",393,396,10.88,16.4,11.52,2.6,281,4107.24017447513
"Well_158N","5.5",303,303,5,17.2,8.555,0.18,211,4884.64078668063
"Well_3724A","5.5",352,355,5.31,17.5,4.761,0.65,268,5174.64689648151
"Well_2827AG","4.5",483,486,11.54,19,8.489,0.52,350,5319.82163665607
"Well_3531G","4.5",347,351,8.97,17.4,9.034,1.4,247,4473.7519897148
"Well_2996N","4.5",315,315,8.57,18.5,12.235,1.64,220,5337.88314817124
"Well_3092A","5.5",427,423,6.87,18.4,12.05,2.42,301,5333.02358433325
"Well_1254AG","4.5",376,378,5.23,19.6,12.505,1.88,268,4944.22582827625
"Well_1258G","4.5",447,449,8.67,15.5,6.491,2.16,322,4517.14937576442
"Well_4649N","4.5",329,326,3.53,16.9,9.914,1.27,228,5075.04273805697
"Well_4795A","4.5",465,461,3.62,17.8,5.296,0.28,330,4537.14865411981
"Well_1055AG","4.5",348,346,8.35,18.9,14.003,1.47,243,4599.54409795022
"Well_773G","5.5",363,366,7.85,17.5,3.117,0.34,259,5231.86394950747
"Well_4311N","5.5",357,354,3.85,17.4,5.972,1.77,249,4764.75236889976
"Well_1608A","4.5",417,418,4.91,16.9,0.022,2.51,298,4222.04917683522
"Well_1875AG","5.5",401,404,9.27,16.7,6.72,0.6,287,5228.30559958471
"Well_3983G","4.5",408,409,6.23,18,3.264,2.12,291,5202.71496184706
"Well_843N","4.5",337,335,4.02,18.7,4.377,1.36,235,4725.98687389586
"Well_1580A","7",447,450,3.26,17.9,7.297,2.44,323,4853.25988554163
"Well_4225AG","4.5",317,314,8.83,18.8,4.615,2.61,219,4573.73729104549
"Well_4010G","5.5",337,335,4.68,18.3,0.694,1.5,235,5136.29244273342
"Well_252N","4.5",485,483,6.29,19.8,15.637,2.65,347,5161.26493566437
"Well_4496A","4.5",370,370,8.46,18,15.158,0.63,261,4928.5730428861
"Well_2914AG","4.5",339,340,5.05,16.6,14.464,1.34,239,5044.31849867944
"Well_1057G","4.5",310,314,4.61,17,14.401,1.45,220,5482.27294459403
"Well_4474N","4.5",387,388,6.09,18.9,4.108,1.76,275,5094.98346130201
"Well_4786A","4.5",306,311,10.43,16.4,9.754,2.98,218,5359.45995475026
"Well_2870AG","4.5",312,317,4.96,16.5,13.389,2,222,4290.55494076712
"Well_3991G","5.5",488,492,6.21,17.4,13.467,1.2,355,4121.71204739623
"Well_544N","7",463,467,8.63,17.1,2.871,1.8,336,4255.77097744914
"Well_4131A","4.5",350,353,5.89,15.4,0.694,1.33,264,4528.76555865048
"Well_2154AG","4.5",369,365,8.59,15.9,15.886,0.79,257,5107.55833661626
"Well_4956G","5.5",372,367,9.61,16.1,15.862,0.62,258,5448.56740279798
"Well_784N","4.5",479,482,3.57,17.6,13.753,2.74,347,4894.73782540997
"Well_342A","5.5",362,365,8.08,17.5,5.512,2.35,258,4478.57584272418
"Well_293AG","4.5",455,454,11.93,18.2,13.301,0.57,325,4335.08002726571
"Well_1646G","5.5",334,332,10.94,19.2,12.726,2.16,251,5029.73841956374
"Well_2652N","7",352,354,9.18,15,12.408,1.17,264,4699.87757022725
"Well_3166A","4.5",429,432,5.36,18.2,12.762,0.3,327,4347.41810260527
"Well_2442AG","4.5",353,350,8.39,18,7.925,2.89,246,4937.63567202701
"Well_3588G","4.5",453,448,7.42,15.7,5.602,1.5,336,4790.75385510712
"Well_2589N","4.5",489,487,9.73,18,0.664,2.36,350,4609.55344505538
"Well_4550A","4.5",318,320,3.89,17.3,1.248,2.77,224,4126.57876723725
"Well_3366AG","4.5",349,352,8.75,18,14.693,1.99,248,4152.55117368442
"Well_319G","4.5",345,342,4.06,16.9,15.386,1.46,240,5318.73223029589
"Well_985N","5.5",461,462,9.99,19.5,0.63,0.34,332,4634.86554604303
"Well_1711A","7",404,409,10.67,17.3,3.903,0.6,309,4883.49083939334
"Well_70AG","5.5",306,309,11.94,19.2,12.246,0.03,216,4901.61878297431
"Well_3691G","4.5",488,487,10.25,17,15.331,1.31,350,5018.47214868083
"Well_4292N","4.5",327,329,10.37,19.9,15.595,0.98,231,4660.65578957181
"Well_2014A","5.5",372,368,8.83,17.4,11.354,2.34,259,4361.90580207272
"Well_3154AG","5.5",426,429,5.44,15.3,12.828,0.99,307,4955.31105158268
"Well_471G","4.5",404,408,3.57,19.9,7.88,0.03,291,4015.82353466935
"Well_1382N","4.5",405,402,3.84,15.7,3.998,0.83,285,4644.09372251853
"Well_2373A","4.5",383,387,6.21,15.4,6.762,2.94,275,5284.91424565041
"Well_347AG","5.5",483,485,9.51,19.7,13.806,0.83,349,5132.33612114331
"Well_3470G","4.5",339,342,3.38,19.8,4.729,0.29,241,5481.84709129529
"Well_2245N","4.5",452,453,8,15.3,4.758,2.59,325,4159.13126953854
"Well_3643A","4.5",364,369,7.64,17.2,12.307,2.45,261,5428.84371103835
"Well_3213AG","4.5",354,353,6.75,16.4,3.516,0.32,265,4083.06029709056
"Well_3721G","4.5",317,318,5.63,19.2,5.134,0.87,222,5268.30508517753
"Well_4641N","4.5",502,498,6.76,19.7,4.251,1.34,359,4286.12116705766
"Well_793A","4.5",451,453,8.43,17.5,15.426,1.25,325,5449.90782699594
"Well_4699AG","4.5",441,439,8.86,16.4,15.311,2.82,313,4748.26813176996
"Well_1683G","4.5",337,338,10.59,16.8,15.565,2.73,237,5139.04360102583
"Well_2236N","4.5",490,491,4.51,17,6.47,1.43,354,4186.34341869829
"Well_1771A","4.5",363,359,10.98,15.1,14.086,1.38,252,5131.96722146077
"Well_1308AG","4.5",325,328,5.75,15.8,4.755,1.13,230,5210.29770943825
"Well_2744G","7",495,495,9.93,15.6,13.132,2.2,357,4838.66800652118
"Well_3793N","4.5",360,359,3.16,15.8,0.113,0.75,253,4359.23674052884
"Well_1825A","7",305,309,9.62,16.6,3.592,2.57,216,4669.00169615867
"Well_4553AG","7",413,416,5.24,16.5,9.817,1.15,297,5310.0803817343
"Well_4925G","4.5",336,338,10.67,15.4,13.884,0.23,237,5229.45933257742
"Well_1133N","4.5",311,316,6.03,18.4,15.237,2.19,221,4189.85085032159
"Well_3599A","7",363,360,3.23,19.6,3.051,1.35,253,4941.69284185627
"Well_1337AG","4.5",361,361,11.22,15.1,9.858,2.48,254,5386.71581153874
"Well_936G","4.5",428,431,4.38,17.4,0.639,1.15,308,4024.03884650045
"Well_4442N","4.5",477,477,7.1,15.4,1.669,0.58,343,4257.88859784557
"Well_4012A","4.5",425,427,8.02,16.8,7.463,2.06,305,5460.20330930199
"Well_1260AG","5.5",444,442,10.53,17.4,4.793,2.36,316,5273.93482403131
"Well_2241G","4.5",336,333,3.96,15.8,2.949,1.24,233,4499.64450234897
"Well_3811N","4.5",312,308,6.37,15.3,11.192,0.61,214,4306.1176827657
"Well_3695A","4.5",342,339,8.1,17,1.073,0.76,237,4795.74609396979
"Well_1726AG","4.5",366,365,3.7,16,9.494,1.96,257,4944.86645791237
"Well_4322G","5.5",496,495,10.06,15.7,0.228,2.24,357,5289.54274225654
"Well_3326N","4.5",389,394,3.9,18.5,6.746,2.47,280,5484.39111072687
"Well_4367A","4.5",444,444,9.74,18.2,1.139,2.63,318,4513.53478537826
"Well_886AG","4.5",440,441,6.09,19.2,12.013,2.41,335,4613.05353082321
"Well_4414G","4.5",446,448,11.26,18.3,12.46,1.18,339,4610.70368762128
"Well_2814N","5.5",364,360,6.37,19.7,11.921,1.27,273,4677.45863615884
"Well_3925A","4.5",354,355,8.32,16.7,8.707,0.97,267,4334.52684480394
"Well_4905AG","4.5",334,332,9.18,16.5,13.719,0.58,232,4171.42989637097
"Well_4272G","5.5",336,331,7.65,15.5,0.374,2.97,231,4525.0964055073
"Well_305N","4.5",416,412,4.71,19.2,7.085,2.54,293,5454.09388249111
"Well_1762A","4.5",362,364,3.48,16.4,2.706,0.87,257,5476.63588861213
"Well_4294AG","4.5",417,418,3.33,20,2.843,1.15,298,4852.78414504649
"Well_4312G","4.5",330,335,8.25,15.6,2.263,2.35,236,4624.91921564052
"Well_4035N","4.5",450,451,3.89,16.6,14.275,2.81,323,5032.64520803769
"Well_2286A","7",380,385,8.65,18,5.789,0.73,273,4658.99572464637
"Well_3464AG","4.5",312,309,11.53,18.1,9.03,0.58,215,4360.02042110451
"Well_1231G","5.5",421,422,4.43,15.2,4.132,1.36,301,5463.54799044132
"Well_740N","4.5",395,397,6.89,17.9,14.004,2.27,282,4012.35834275745
"Well_4192A","4.5",423,422,9.15,19.8,13.991,0.47,301,4099.65633152146
"Well_2488AG","4.5",348,351,6.24,17.7,10.571,2.31,247,4591.61483577266
"Well_1117G","4.5",360,361,3.35,15.5,15.144,0.97,255,4409.9841260775
"Well_512N","4.5",432,435,3.44,17.2,9.266,1.22,311,4242.23837457225
"Well_1994A","4.5",492,489,7.03,16,5.202,1.91,352,4880.84817044181
"Well_4468AG","4.5",372,369,8.57,17.4,9.863,2.73,260,4552.02666548314
"Well_1478G","4.5",340,340,3.85,15.1,10.326,1.52,239,4584.34188850317
"Well_4775N","4.5",408,412,7.52,16,15.614,0.71,294,4505.93109645159
"Well_1034A","4.5",432,431,6.87,18.6,6.592,1.61,308,4856.38460736442
"Well_4713AG","5.5",331,336,10.06,19.2,5.33,1.03,236,5352.0803563029
"Well_3940G","4.5",425,423,11.29,19.1,10.432,2.64,301,4951.11646305211
"Well_1469N","4.5",450,447,11.05,15.7,5.476,1.73,319,5021.6875717768
"Well_3408A","5.5",346,343,9.93,17.7,7.549,1.49,240,4957.53379722824
"Well_1880AG","4.5",483,480,8.52,18.1,8.417,2.03,345,4672.0700978965
"Well_2174G","4.5",437,440,3.19,19,10.501,1.02,315,4124.4042758767
"Well_3917N","4.5",447,445,7.08,19,15.144,0.65,318,5310.57956808642
"Well_593A","5.5",386,384,8.59,18.4,9.694,1.11,290,4507.03224110836
"Well_84AG","4.5",392,391,3.08,18.8,9.987,2.67,277,4820.83999730297
"Well_4250G","4.5",438,436,9.91,19.1,1.563,1.84,311,5429.65809867997
"Well_2401N","4.5",305,303,4.56,16.9,10.588,0.74,210,4177.19369750679
"Well_2431A","4.5",461,459,3.73,18.7,15.388,1.24,329,5255.75641896785
"Well_1124AG","4.5",448,449,3.42,18.5,6.549,1.35,322,4170.40576160722
"Well_1058G","4.5",354,353,4.24,19.4,14.456,2.02,248,4027.39727462688
"Well_2334N","7",484,488,7.15,15.2,11.863,1.98,352,5276.86589009827
"Well_3688A","4.5",491,488,3.51,18.2,13.867,0.01,351,4480.34038604517
"Well_1923AG","5.5",409,407,7.31,15.3,6.569,0.66,289,4976.75274308212
"Well_4164G","4.5",368,367,3.17,16.9,12.252,0.73,259,4020.90124573233
"Well_2988N","4.5",378,382,5.65,15.4,12.382,0.1,271,5351.36687807995
"Well_1950A","4.5",441,441,6.41,19,14.501,0.26,334,4706.68322928599
"Well_4620AG","7",482,479,9.25,19.7,9.855,0.8,344,5421.78796965396
"Well_3500G","4.5",356,354,3.89,18.3,11.72,2.68,267,4412.87572344299
"Well_4513N","7",367,362,9.26,16.6,0.847,2.17,254,4594.26038135309
"Well_4054A","4.5",407,408,7.73,19,11.105,0.04,290,5418.53079431504
"Well_1379AG","4.5",378,378,9.8,19.1,11.357,1.57,267,5300.54719178542
"Well_4417G","4.5",318,315,3.2,15.8,5.39,2.71,219,4666.90547858668
"Well_1752N","4.5",347,344,3.6,19.7,9.247,1.07,261,5241.18972213054
"Well_2422A","5.5",371,366,3.47,20,7.429,2.02,258,4772.528357598
"Well_3652AG","4.5",386,387,11.01,15.3,6.131,1.43,274,5254.85409227735
"Well_601G","4.5",387,386,8.54,15.8,11.189,2.57,273,5083.68881701236
"Well_399N","5.5",319,319,3.52,17.5,12.653,3,223,5048.70117134112
"Well_2771A","7",360,364,7.74,15.1,1.797,2.3,257,4574.0468730405
"Well_557AG","4.5",486,481,10.47,16.9,10.129,2.66,345,4579.43256996875
"Well_1129G","4.5",426,423,5.28,17.6,6.508,0.97,301,4289.40480820648
"Well_4938N","4.5",484,484,10.07,15.5,14.163,0.16,348,5493.83700629394
"Well_1642A","7",481,477,11,19.3,1.943,0.56,342,5493.38228658307
"Well_2946AG","4.5",301,306,11.21,18.3,12.211,1.79,214,5227.09546508244
"Well_3868G","4.5",434,431,4.64,17.6,15.063,0.5,307,4353.45377056557
"Well_4851N","4.5",471,475,10.03,16.8,0.914,0.85,342,4619.46904336847
"Well_3449A","4.5",465,466,9.03,19.4,14.061,1.46,335,4416.26601242786
"Well_3435AG","5.5",304,304,7.85,19.3,7.959,2.08,212,4429.85547546437
"Well_2555G","4.5",320,324,7.99,15.9,5.156,0.81,227,4953.76053265505
"Well_4856N","4.5",369,373,3.66,16.9,2.745,1.78,281,4384.43922321661
"Well_2975A","4.5",360,360,11.94,15.1,13.606,2.81,254,5362.25181016023
"Well_2768AG","5.5",377,374,7.32,16.4,1.048,2.26,264,5142.30872402457
"Well_2795G","5.5",461,456,7.91,16,11.8,2.54,326,4725.26945394767
"Well_1400N","7",343,340,8.98,18.9,11.304,1.1,238,4742.96132567106
"Well_1739A","4.5",449,447,9.45,15,5.158,2.49,320,4776.0417892572
"Well_1618AG","5.5",457,460,9.68,15.6,2.269,0.4,330,5130.81545807747
"Well_1738G","4.5",420,420,3.93,16.1,4.063,0.34,315,4364.08366967971
"Well_1568N","7",304,305,6.09,19.5,9.137,2.17,232,4864.6429630206
"Well_486A","4.5",367,370,4.08,16.9,12.347,1.78,262,5260.69579115743
"Well_4199AG","5.5",380,385,11.08,16.1,1.294,0.68,273,4487.235205665
"Well_54G","5.5",500,500,4.02,15.6,10.584,0.22,361,4351.31743047177
"Well_1851N","4.5",395,390,9.09,16.6,7.987,1.77,276,5479.38397529465
"Well_2562A","5.5",488,493,9.4,18.8,2.524,0.35,356,4544.98859124747
"Well_3985AG","4.5",453,449,11.04,17.5,0.307,1.46,321,4662.64773739665
"Well_2009G","4.5",429,432,7.32,19.1,14.109,2.42,309,4659.5311224258
"Well_979N","4.5",306,301,4.25,18.5,3.788,2.45,209,4911.71630925918
"Well_2891A","4.5",476,474,4.11,17.5,13.298,0.12,340,4370.79261252168
"Well_3352AG","5.5",410,411,9.86,19.6,3.301,1.28,312,4376.65791218728
"Well_4731G","4.5",429,432,9.49,20,11.325,0.99,309,5452.78440124379
"Well_1482N","4.5",401,401,10.14,19.5,9.179,2.31,285,5238.08046444366
"Well_993A","4.5",389,384,10.88,16.9,10.298,2.88,271,5397.76351329475
"Well_253AG","4.5",484,481,10.13,17.7,4.69,0.24,346,4851.99941521138
"Well_2985G","4.5",380,384,10.6,15.9,13.143,0.58,272,5480.41947723692
"Well_946N","4.5",337,335,11.56,17.7,4.909,1.52,235,4514.67863412551
"Well_768A","4.5",437,438,7.35,17.5,1.681,1.17,313,4223.62393302959
"Well_824AG","5.5",470,465,7.61,18.4,13.417,0.34,333,4831.73443827848
"Well_2115G","5.5",378,375,11.29,20,5.109,0.41,265,4954.02260134649
"Well_3492N","5.5",398,401,6.22,18.3,4.84,1.87,304,4477.65479899314
"Well_1380A","4.5",420,418,5.18,15,4.331,2.65,297,5343.36580651929
"Well_1276AG","5.5",342,344,7.47,16.4,15.708,2.5,258,4985.52225701557
"Well_3962G","4.5",424,424,6.92,17.4,0.748,2.41,302,5410.64150501625
"Well_3407N","4.5",349,353,7.32,19.1,14.032,1.23,249,4468.34320720518
"Well_3131A","4.5",374,376,3.33,15,14.863,1.45,266,4125.69227892929
"Well_1616AG","5.5",357,354,8.19,17.8,8.239,1.88,249,5436.84516285663
"Well_2395G","5.5",431,436,9.69,19.5,11.614,2.9,312,4227.41961699189
"Well_2023N","5.5",352,348,11.72,16.4,1.253,1.47,244,4488.21075168904
"Well_2051A","5.5",341,338,11.93,19.5,4.499,2.63,237,4182.5035887647
"Well_3540AG","7",305,305,5.37,15.1,7.244,1.34,227,4483.5790390172
"Well_4219G","4.5",439,437,9.52,19.2,5.377,2.26,312,5177.48441790533
"Well_1862N","4.5",377,382,3.82,19.8,11.966,1.12,271,4641.00108576403
"Well_2208A","4.5",469,473,4.61,16.9,3.033,2.3,340,4953.05690850527
"Well_955AG","5.5",403,406,5.12,17,1.496,2.69,289,4772.27550135134
"Well_1756G","4.5",368,370,10.1,17,8.37,0.03,262,5175.77004833496
"Well_1247N","5.5",490,487,5.83,17.3,10.635,2.78,367,4708.49711828353
"Well_1000A","4.5",353,352,11.26,17.9,13.739,0.98,247,5325.15693180612
"Well_2752AG","4.5",491,489,5.56,18.7,4.429,1.99,352,4204.18780311197
"Well_1600G","4.5",365,368,3.91,19.8,15.157,2.09,260,4521.04223045241
"Well_4740N","7",387,387,3.46,17.1,1.391,1.15,274,5216.07908439357
"Well_2043A","4.5",305,306,6.27,18.8,11.617,0.91,232,5005.92052591522
"Well_4827AG","4.5",388,385,9.72,17.2,15.702,2.19,272,4794.85244751233
"Well_2493G","5.5",427,426,9.69,16.1,9.165,0.02,304,4113.53638062533
"Well_2365N","4.5",335,340,6.1,18.1,14.071,0.22,239,5153.03846377344
"Well_1993A","4.5",324,325,4.98,16.5,14.111,0.28,227,5269.85924539249
"Well_19AG","5.5",426,423,9.26,17.5,0.947,1.51,301,5353.29775811662
"Well_4504G","4.5",386,381,9.18,18,10.352,0.31,269,4365.22840101738
"Well_4070N","5.5",366,368,8.87,19,11.526,0.68,260,5404.61699793045
"Well_4089A","4.5",375,379,9.01,15.9,14.055,2.94,269,4177.76007292909
"Well_1027AG","5.5",374,369,11.96,19.3,14.36,2.16,260,4459.4713763271
"Well_2835G","4.5",415,414,7.97,18,4.073,2.94,295,4099.00703363167
"Well_4343N","4.5",429,427,6.13,20,5.341,1.23,304,4936.99565193034
"Well_207A","7",368,370,10.53,18.4,2.27,1.31,262,4110.07296307245
"Well_3982AG","4.5",423,426,10.69,16.7,13.157,2.07,304,5000.14504466159
"Well_2295G","5.5",465,462,7.35,15.4,15.705,0.67,331,4254.60339396331
"Well_4451N","5.5",376,373,9.37,16.3,1.093,2,263,4227.07170023932
"Well_3456A","4.5",308,310,9.35,17.2,4.205,1.78,216,5334.84704373917
"Well_3436AG","4.5",348,349,9.08,15.9,11.82,2.8,246,5423.16237461241
"Well_3773G","5.5",405,405,5.18,19.5,12.567,1.57,288,4831.52052321052
"Well_697N","4.5",373,372,4.27,17.8,4.429,2.44,280,5353.09650379396
"Well_1989A","4.5",352,349,11.07,17,6.272,2.23,245,5024.76312633767
"Well_3041AG","7",441,442,3.11,16.8,12.894,0.71,316,4254.45024583023
"Well_1604G","4.5",341,341,4.99,15.2,9.573,1.64,255,4006.82358701667
"Well_837N","4.5",352,350,11.94,15.2,5.822,0.37,246,4980.55899297167
"Well_2999A","5.5",387,385,4.67,18.5,10.492,2.35,272,4371.49737223866
"Well_2648AG","4.5",310,306,8.03,16.4,0.194,1.69,212,4292.52173991059
"Well_3265G","7",469,474,5.97,18.9,12.487,0.63,341,5372.06440728856
"Well_3782N","4.5",375,373,11.05,19.1,4.592,2.92,282,4599.69757393841
"Well_1897A","4.5",337,333,9.68,20,6.997,1.36,253,4816.13878102554
"Well_4540AG","4.5",365,361,8.25,16.3,8.662,2.67,254,4333.91673015268
"Well_3453G","4.5",321,325,6.78,15.2,2.879,0.08,228,4626.33831476374
"Well_595N","5.5",401,400,7.06,18.1,2.52,0.29,284,4262.73041801038
"Well_2138A","4.5",450,448,5.32,18.3,11.458,0.34,339,5095.96103216615
"Well_3865AG","5.5",303,306,7.32,16.7,11.877,0.95,213,5018.81844122009
"Well_4712G","4.5",385,390,10.39,16.1,6.723,1.1,277,5398.73913414497
"Well_3932N","4.5",435,431,9.66,15.3,10.021,0.13,307,4048.35953968856
"Well_3964A","5.5",374,374,6.99,15.8,4.631,1.65,264,4257.13902723975
"Well_2272AG","5.5",390,391,4.83,17.6,4.801,0.14,277,4249.82433459768
"Well_2006G","5.5",386,387,9.9,16.8,15.279,1.06,274,4475.05154783698
"Well_4850N","4.5",493,492,3.5,18.9,3.497,1.6,354,4195.07058974612
"Well_3830A","4.5",424,428,10.97,18,4.989,1.02,306,4343.11904929974
"Well_2672AG","5.5",356,361,11.75,16.1,4.895,0.42,255,5442.31934805028
"Well_1300G","4.5",409,405,9.28,16.7,11.716,1.93,287,4182.91521920357
"Well_2412N","4.5",366,363,8.24,18.9,11.29,0.2,256,5053.09071093658
"Well_1629A","4.5",454,456,3.98,16.3,13.317,1.97,327,4800.52822020138
"Well_2205AG","5.5",338,340,9.65,16.4,7.395,0.64,239,5237.7674587206
"Well_3891G","4.5",434,439,8.03,16.6,1.447,2.39,314,4937.8385789888
"Well_4252N","4.5",372,367,6.73,16.3,9.61,2.95,258,4732.79573190492
"Well_2566A","4.5",437,432,5.02,16.1,0.693,0.55,308,5018.9037937168
"Well_1949AG","5.5",300,302,11.49,17.8,15.108,1.84,210,4688.15071147331
"Well_4399G","5.5",474,477,8.74,19.8,10.876,2.38,343,4538.08990883129
"Well_913N","5.5",439,434,10.16,19.9,0.457,0.38,309,4188.62968671438
"Well_1176A","4.5",471,470,11.55,18.9,0.298,1.17,337,4943.10120213684
"Well_3957AG","4.5",456,461,4.38,15,4.987,0.01,331,5342.20581963705
"Well_2774G","7",339,335,3.91,16.8,9.725,1.92,234,5223.92114863498
"Well_938N","4.5",382,382,7.2,18,4.992,1.68,270,5298.04316307139
"Well_1450A","4.5",492,489,11.88,15.2,13.11,1.23,352,4315.9778406918
"Well_2624AG","5.5",311,311,9.2,15.2,15.352,0.68,217,5106.22498004534
"Well_1204G","5.5",368,369,4.48,18.5,14.525,1.97,261,4208.3828865916
"Well_2989N","4.5",422,424,9.41,17.4,5.077,0.27,303,5077.79502748908
"Well_467A","4.5",382,387,5.92,17.9,5.133,1.64,275,4521.52327594184
"Well_268AG","5.5",337,333,11.25,19.4,4.145,2.26,233,5411.68281869823
"Well_4152G","4.5",304,300,6.64,19.4,14.438,1.99,208,5049.42615150847
"Well_2897N","4.5",473,475,8.67,18,9.683,1.24,342,4589.20091171097
"Well_42A","7",399,397,10.95,17.7,8.49,0.43,281,4242.36766763963
"Well_4228AG","4.5",319,316,3.44,15,14.396,0.59,220,5379.1456986207
"Well_897G","4.5",475,480,7.21,17.9,14.688,0.94,346,4345.84260363947
"Well_2251N","4.5",365,365,5.88,15.9,0.37,2.15,257,4078.94787166314
"Well_4839A","7",391,396,3.5,16.1,1.278,0.57,282,5472.43599569425
"Well_4207AG","4.5",394,393,9.57,17.6,6.22,1.32,279,4197.29216571385
"Well_3374G","5.5",446,443,9.24,16.9,7.685,2.17,316,4849.99238937418
"Well_37N","4.5",301,302,11.29,16.7,9.83,0.46,210,4289.63142008986
"Well_4973A","4.5",466,471,4.52,18.5,8.314,2.18,339,4278.18046972458
"Well_3632AG","4.5",379,384,7.19,15,7.985,0.81,273,4533.00427904166
"Well_942G","4.5",301,304,9,16.3,7.198,0.97,212,4161.67679703492
"Well_3677N","4.5",411,408,10.91,19.9,1.623,0.85,290,4170.27780175814
"Well_117A","4.5",335,340,9.04,20,11.241,2.72,239,4003.49593476858
"Well_1553AG","4.5",421,417,6.65,18,6.764,2.9,296,4791.66641658754
"Well_4680G","7",480,478,4.91,19.8,15.498,0.71,343,5091.62272575079
"Well_735N","5.5",343,338,4.61,17,11.122,2.01,236,4910.2917543631
"Well_2242A","4.5",440,437,10.73,17.2,5.859,1.76,312,4487.84655479551
"Well_3390AG","4.5",331,328,4.81,17.4,7.695,1.08,229,5334.73102475191
"Well_3698G","4.5",306,309,4.41,19.8,6.052,2.75,216,4723.66880189138
"Well_194N","4.5",306,303,5.94,18,11.662,1.49,210,4716.5569726401
"Well_4660A","4.5",480,478,7.14,16.6,13.412,0.2,343,5439.64579210407
"Well_2212AG","4.5",327,329,9.18,18.1,5.012,2.7,249,5005.0981477024
"Well_3073G","4.5",404,399,6.09,15.6,13.884,2.6,283,5378.82548358757
"Well_3971N","5.5",433,435,3.33,15.9,5.741,2.92,311,5035.22452166514
"Well_4726A","5.5",325,320,5.41,16.1,2.089,1.87,223,5012.60375697748
"Well_1817AG","4.5",430,427,6.63,17.6,5.444,1.37,304,4029.39061004925
"Well_445G","5.5",493,493,10.46,19.8,3.364,2.89,355,5339.1941482476
"Well_684N","4.5",432,428,5.31,18.6,2.097,0.03,305,4019.81820908631
"Well_2888A","5.5",495,494,3.23,18.9,9.455,0.67,356,5049.6373069135
"Well_2011AG","7",480,481,11.82,17.7,3.706,0.5,346,4232.91256943485
"Well_1387G","4.5",407,412,5.27,16.5,9.409,0.88,294,5153.73137307167
"Well_4515N","7",327,331,10.42,19.5,9.378,2.48,232,4770.70014064899
"Well_3712A","5.5",305,307,5.83,19.5,13.313,2.29,214,4672.42066802667
"Well_2102AG","5.5",463,463,7.22,15,0.499,1.96,332,4810.75842919084
"Well_2639G","4.5",413,408,10.89,16.2,6.084,1.79,289,5037.75973940338
"Well_4201N","4.5",305,306,11.33,17.6,0.893,1,213,4857.81722282758
"Well_2700A","4.5",381,377,5.22,17.2,0.018,1.54,266,4500.51147331786
"Well_4237AG","5.5",390,395,5.98,18.1,1.518,0.82,281,4658.47252473258
"Well_141G","7",346,342,5.49,16.3,5.415,1.53,256,4377.23245584872
"Well_1810N","4.5",407,410,9.62,15.8,14.176,1.85,292,5474.50926018483
"Well_4666A","4.5",468,471,9.33,19.3,7.309,0.61,339,4729.23566470365
"Well_52AG","4.5",408,411,9.65,19.4,12.424,2.72,293,4579.95643299096
"Well_3808G","4.5",492,496,5.51,19.3,4.216,2.94,358,4631.16767152911
"Well_4790N","4.5",488,483,3.97,17.2,5.127,1.93,347,4313.69254842564
"Well_977A","4.5",476,479,4.25,19.3,1.423,0.49,345,4586.53880769387
"Well_499AG","4.5",381,378,3.5,16.3,15.68,0.09,267,4621.83222440933
"Well_3864G","5.5",478,475,10.14,18.7,0.545,2.34,341,5294.79666462215
"Well_788N","7",431,427,8.75,18.4,12.931,1.1,304,4239.2952490109
"Well_1489A","7",407,408,6,20,4.863,2.95,290,4624.81748810038
"Well_1860AG","4.5",405,409,7.18,19.3,7.062,2.86,311,4747.4421197949
"Well_3185G","4.5",439,443,6.85,19.1,14.446,2.76,336,5289.54912861972
"Well_813N","4.5",456,455,3.04,18.2,12.325,1.14,326,4654.02188926726
"Well_2928A","5.5",437,434,6.72,18.5,2.691,2.16,310,4337.03186608083
"Well_767AG","5.5",481,476,8.49,18.7,13.49,2.25,341,4605.2105120474
"Well_833G","7",314,314,9.32,20,13.822,1.26,239,4744.3764980766
"Well_3079N","5.5",308,309,7.14,19,11.288,1.24,215,4857.31282917131
"Well_3594A","5.5",353,352,7.99,18.9,4.333,0.27,247,5474.95632154797
"Well_1413AG","4.5",428,433,4.14,15.5,6.434,1.48,310,4074.77696455107
"Well_3885G","5.5",486,487,5.5,19,3.592,2.6,351,5254.87910069642
"Well_4765N","4.5",464,462,6.91,15,11.07,2.33,331,4338.35673881508
"Well_3757A","4.5",499,494,11.83,16.2,6.799,1,355,5503.46848579915
"Well_4538AG","5.5",492,494,4.79,16.7,13.708,2.99,356,4680.38227925403
"Well_4404G","4.5",489,491,5.01,19.6,8.45,1.07,354,4766.51795629016
"Well_1703N","5.5",334,339,8.63,20,12.952,1.06,239,5464.81463560485
"Well_2915A","4.5",396,391,9.17,17.2,7.456,1.83,276,4551.70106861205
"Well_3000AG","4.5",341,346,9.11,16.6,13.421,2.63,244,5357.69003278646
"Well_392G","4.5",454,454,7.99,17.5,14.629,1.39,325,4037.04947495204
"Well_4760N","4.5",490,491,3.09,16.5,4.284,0.83,354,4120.86705281306
"Well_3697A","4.5",470,469,3.75,15.3,8.123,1.66,337,4375.31668071984
"Well_1217AG","4.5",418,415,9.82,17.8,10.355,2.52,313,4160.34974444308
"Well_1531G","5.5",322,323,5.61,16.9,14.683,0.47,226,4920.2154305866
"Well_4182N","4.5",422,418,5.21,19.7,8.825,0.48,297,5442.43259349116
"Well_3400A","4.5",367,364,3.91,20,4.482,1.59,256,4652.3502323234
"Well_4051AG","4.5",413,408,11.84,16.8,15.771,1.35,306,5100.65685512335
"Well_4140G","4.5",491,494,11.6,18.2,14.569,0.19,356,4804.86814807588
"Well_1335N","4.5",387,392,5.98,19.8,3.226,1.52,279,5491.61247386318
"Well_4965A","4.5",432,433,9.95,17.8,1.589,2.02,309,4999.58058978571
"Well_297AG","4.5",420,423,9.1,17.8,0.844,1.41,302,5462.88986827573
"Well_1791G","4.5",446,451,4.01,19.4,10.933,2.28,324,5339.92360636429
"Well_3566N","4.5",330,327,10.63,17.8,9.469,2.77,228,4802.57356275572
"Well_2097A","5.5",482,483,5.74,17.2,9.473,1.49,348,4659.7920359897
"Well_3728AG","4.5",444,441,11.53,18.2,4.108,0.21,315,4848.33109392575
"Well_1299G","5.5",471,471,6.6,18,13.989,2.98,338,4375.92524566012
"Well_4748N","5.5",331,326,7.81,16.5,0.035,0.57,227,5419.39981589885
"Well_1973A","4.5",450,447,5.96,19.4,8.873,2.2,339,4623.56562998961
"Well_1609AG","4.5",400,400,5.85,16.1,11.783,0.74,284,4409.79168855958
"Well_3743G","4.5",436,433,4.23,19.1,5.936,1.46,309,4566.1719217333
"Well_1811N","5.5",443,443,6.25,16.3,8.708,2.95,317,4377.16642256733
"Well_1372A","7",409,412,10.54,15.4,4.759,1.93,294,4783.96693019662
"Well_1159AG","4.5",407,410,3.85,17.9,12.638,0.1,292,5193.99820309645
"Well_2933G","4.5",426,422,5.26,16.6,10.319,1.77,300,4008.16200556932
"Well_363N","4.5",446,451,4.26,15.4,13.629,1.74,324,4047.42515767575
"Well_610A","4.5",320,318,10.13,18,12.948,1.99,222,4016.98816107539
"Well_2402AG","4.5",339,341,10.62,18.6,14.242,1.21,240,4341.60189435072
"Well_31G","5.5",412,416,5.85,19.8,4.04,0.47,297,4973.90751565597
"Well_796N","4.5",463,461,4.41,16.8,14.711,3,330,5094.41176073859
"Well_1377A","4.5",429,424,11.49,16.8,0.313,0.51,302,5082.45918272412
"Well_4609AG","4.5",434,432,9.52,17.2,3.728,0.09,308,5242.47585665248
"Well_542G","5.5",401,398,7.16,17.2,0.157,2.64,282,4689.1686030624
"Well_1861N","5.5",428,423,9.33,18.6,0.591,0.22,301,5491.2105443636
"Well_3227A","5.5",343,338,9.63,16.5,5.751,1.89,236,4198.7483473164
"Well_1243AG","4.5",367,364,11.6,18.1,12.155,0.59,256,4355.81682298006
"Well_2239G","4.5",340,343,9.41,18.1,5.782,1.65,259,5368.51168624801
"Well_2201N","7",354,353,6.65,19.7,11.454,0.21,248,4557.61068335967
"Well_1060A","4.5",401,402,5.51,15.7,1.56,0.57,286,4388.42190353526
"Well_4144AG","4.5",331,336,11.52,18,1.961,1.16,236,4047.41982496576
"Well_3938G","4.5",314,311,4.47,16.8,3.94,1.24,216,4770.28361364873
"Well_1653N","4.5",410,411,4.02,19,0.163,1.54,293,4968.19103476219
"Well_3693A","4.5",410,405,3.38,15.5,7.023,2.63,287,4058.43407780118
"Well_4297AG","4.5",310,309,9.14,19.4,2.53,1.4,215,5094.38854228216
"Well_534G","4.5",397,393,6.97,20,12.506,2.63,278,4368.04095238587
"Well_4022N","5.5",488,485,7.99,19.2,10.401,2.53,349,5466.13640329894
"Well_3846A","5.5",390,390,11.48,19.3,8.11,0.27,276,4954.92990229744
"Well_257AG","5.5",419,422,7.46,19.5,4.842,1.33,301,4891.6378129439
"Well_2815G","5.5",304,303,7.76,18.6,0.084,1.39,229,4767.45837069955
"Well_1707N","4.5",448,450,6.06,17.6,11.424,2.78,322,5471.92823339207
"Well_996A","5.5",351,346,9.58,15.7,1.119,2.38,242,4067.31405876786
"Well_349AG","5.5",433,433,6.36,19.3,8.862,1.11,309,4470.16915923404
"Well_910G","5.5",393,397,7.35,18.9,10.141,1.28,282,5419.34122112324
"Well_708N","4.5",308,311,3.29,17.1,8.901,0.03,217,5195.91055875714
"Well_2141A","5.5",358,361,8.44,19,9.412,1.04,255,4389.57734155981
"Well_3813AG","4.5",482,478,10.72,15.3,3.853,0.81,343,4664.44345086394
"Well_3710G","4.5",390,392,10.61,16.3,4.092,0.05,278,4319.59810607834
"Well_1619N","4.5",498,496,6.09,18.8,1.12,2.99,357,5264.14502541511
"Well_3416A","5.5",411,416,7.77,17.4,2.868,0.81,297,5161.01771676331
"Well_2845AG","4.5",354,353,7.91,17.3,12.929,1.37,248,4437.18397090957
"Well_3936G","4.5",387,390,11.53,19.6,11.446,1.41,277,4495.71091535222
"Well_4450N","4.5",329,333,9.98,19.5,12.363,2.03,234,4396.1860100897
"Well_4227A","4.5",372,367,9.2,16.7,2.699,0.23,258,4881.08485345053
"Well_1595AG","5.5",361,356,11.88,18.9,6.29,1.27,250,4445.63126522489
"Well_3368G","4.5",464,466,4.63,19.3,4.004,1.77,335,4495.58878361597
"Well_504N","7",321,323,3.86,17.5,15.981,1.94,226,4591.58944379771
"Well_3153A","4.5",411,406,5.39,16.2,1.519,2.45,288,4897.9130509512
"Well_1061AG","7",308,310,9.86,18.2,9.826,2.41,216,4535.13120741816
"Well_3392G","5.5",312,310,7.71,19.3,10.036,2.59,216,5349.12379334378
"Well_4935N","4.5",398,398,4.44,16.3,4.374,0.04,283,4067.31378326891
"Well_755A","7",370,371,3.14,17.1,8.644,2.56,262,4831.77555887029
"Well_1958AG","4.5",402,402,9.57,16.7,13.511,0.98,286,4149.07020367309
"Well_464G","4.5",340,336,10.09,15.9,5.006,2.1,235,5275.45478111412
"Well_3200N","4.5",372,372,3.28,16.1,0.36,0.98,263,4875.55339058232
"Well_1792A","5.5",394,395,10.35,15.6,12.552,2.09,280,5119.66041952232
"Well_1912AG","4.5",329,333,10.48,18.5,11.406,2.14,234,4807.03032425186
"Well_3990G","5.5",314,319,5.57,19.6,1.798,0.93,224,5254.28512568702
"Well_3717N","5.5",329,327,7.13,15,0.954,0.13,243,4296.9073799036
"Well_4352A","5.5",389,390,3.25,17,11.536,1.13,277,4907.61698082555
"Well_4103AG","4.5",451,451,5.16,17.5,13.945,0.6,323,4041.27280549612
"Well_624G","5.5",322,324,8.36,16.4,14.31,2.94,227,5056.72075809911
"Well_335N","7",389,390,5.45,16.2,7.651,2.13,293,5175.81396181602
"Well_3296A","4.5",466,466,10.58,19.2,11.66,1.15,334,5123.8059351414
"Well_3503AG","5.5",366,370,10.04,16.4,10.588,0.71,262,4122.99990127166
"Well_3276G","5.5",478,473,3.81,15,13.756,2.95,339,5005.65653402591
"Well_4873N","4.5",322,318,5.84,18.8,4.024,2.84,221,4667.07546503143
"Well_3120A","4.5",377,381,10.43,16.7,10.093,2.44,270,4438.74009397463
"Well_4086AG","4.5",411,412,11.13,18.3,1.863,1.67,293,4527.28346131486
"Well_4692G","5.5",312,309,11.58,15.6,15.31,1.7,230,5212.13912952109
"Well_2076N","4.5",301,305,11.51,15.7,9.762,2.76,213,4716.45401640632
"Well_1019A","4.5",383,382,10.69,17.4,7.669,0.63,270,4294.71460012463
"Well_1529AG","5.5",322,319,10.11,17.9,6.853,0.28,222,5144.86329578073
"Well_394G","4.5",321,316,5.41,15.2,11.672,2.35,220,4503.81031557196
"Well_1550N","5.5",353,356,3.02,17.2,0.428,2,251,4132.35425146413
"Well_334A","4.5",501,496,3.18,19,14.257,2.77,357,4300.168587561
"Well_2638AG","5.5",400,401,10.97,19.6,9.69,1.47,285,5423.34237036412
"Well_1729G","5.5",335,340,4.6,18.7,15.172,0.61,239,5210.03551709582
"Well_555N","4.5",396,395,8,15.5,14.021,0.6,280,4803.63896578085
"Well_4220A","5.5",348,347,9.55,18.4,1.254,2.18,244,4525.54604312172
"Well_3851AG","7",342,347,11.54,19.3,4.459,2.26,245,4519.01414841879
"Well_1005G","5.5",393,391,9.89,19.5,15.703,0.85,277,4128.59177719057
"Well_508N","5.5",464,464,7.86,16.9,6.907,1.46,350,5286.1067022963
"Well_345A","4.5",477,478,9.33,19.9,5.765,0.01,344,5253.59407340293
"Well_2062AG","5.5",328,328,6.52,15.5,4.516,1.92,245,4181.649658198
"Well_4557G","4.5",346,349,3.82,16.6,8.423,2.81,246,5429.99720380805
"Well_4174N","5.5",419,416,4.77,17.4,6.206,2.63,296,5490.58827956184
"Well_2229A","4.5",469,473,9.61,15.8,7.984,1.92,340,5192.91114380141
"Well_3398AG","5.5",323,319,7.43,16.7,10.395,0.35,222,4834.84044202394
"Well_3640G","5.5",478,476,8.09,17.7,4.467,0.15,342,5075.38763190829
"Well_3858N","4.5",316,318,6.8,18.6,14.428,0.52,222,4101.9336513388
"Well_612A","4.5",489,494,5.88,16.8,15.66,2.81,357,4091.07673970074
"Well_3353AG","7",396,393,5.11,18.4,1.371,2.32,278,4311.03412367171
"Well_4184G","5.5",386,387,3.13,19,1.452,0.35,274,5432.25480115088
"Well_4601N","7",369,367,5.65,19.6,10.014,2.87,278,5112.33544325223
"Well_1776A","4.5",434,437,10.71,17.5,7.831,2.99,313,4172.71660706378
"Well_1430AG","4.5",312,312,6.33,17.8,8.91,0.27,218,5060.97363008047
"Well_2792G","4.5",370,373,4.43,18.6,11.989,0.85,264,4914.11657175864
"Well_1134N","4.5",426,430,5.09,18.2,14.634,1.09,307,4312.42307187384
"Well_501A","5.5",496,498,8.13,15.1,7.139,1.13,359,5189.35153033189
"Well_4535AG","5.5",458,457,10.11,17.5,4.397,1.62,327,5281.25906157331
"Well_1474G","4.5",326,330,6.82,18,3.594,0.57,232,4003.75332037639
